scaffold,start,end,mid,sites,l_concolor,l_roumanicus,l_europaeus,S_concolor,S_roumanicus,S_europaeus,thetaPi_concolor,thetaPi_roumanicus,thetaPi_europaeus,thetaW_concolor,thetaW_roumanicus,thetaW_europaeus,TajD_concolor,TajD_roumanicus,TajD_europaeus
NW_006803924.1,1000001,1500000,1285142,30,0.0,0.0,0.0,nan,nan,nan,nan,nan,nan,nan,nan,nan,nan,nan,nan
NW_006803924.1,1500001,2000000,1725209,36,0.0,0.0,0.0,nan,nan,nan,nan,nan,nan,nan,nan,nan,nan,nan,nan
NW_006803924.1,2500001,3000000,2752415,41,0.0,0.0,0.0,nan,nan,nan,nan,nan,nan,nan,nan,nan,nan,nan,nan
NW_006803924.1,4500001,5000000,4751973,34,0.0,0.0,0.0,nan,nan,nan,nan,nan,nan,nan,nan,nan,nan,nan,nan
NW_006803924.1,7000001,7500000,7271992,33,0.0,0.0,0.0,nan,nan,nan,nan,nan,nan,nan,nan,nan,nan,nan,nan
NW_006803924.1,9500001,10000000,9765399,32,0.0,0.0,0.0,nan,nan,nan,nan,nan,nan,nan,nan,nan,nan,nan,nan
NW_006803924.1,11000001,11500000,11235383,32,0.0,0.0,0.0,nan,nan,nan,nan,nan,nan,nan,nan,nan,nan,nan,nan
NW_006803924.1,11500001,12000000,11756906,34,0.0,0.0,0.0,nan,nan,nan,nan,nan,nan,nan,nan,nan,nan,nan,nan
NW_006803924.1,12500001,13000000,12768401,31,0.0,0.0,0.0,nan,nan,nan,nan,nan,nan,nan,nan,nan,nan,nan,nan
NW_006803924.1,14000001,14500000,14259781,35,0.0,0.0,0.0,nan,nan,nan,nan,nan,nan,nan,nan,nan,nan,nan,nan
NW_006803924.1,15500001,16000000,15729265,33,0.0,0.0,0.0,nan,nan,nan,nan,nan,nan,nan,nan,nan,nan,nan,nan
NW_006803924.1,16000001,16500000,16247341,31,0.0,0.0,0.0,nan,nan,nan,nan,nan,nan,nan,nan,nan,nan,nan,nan
NW_006803925.1,8000001,8500000,8232779,40,1.0,1.0,1.0,0.0,1.0,1.0,0.0,0.05,0.1376,0.0,0.2351,0.257,nan,-1.1241,-0.741
NW_006803925.1,9500001,10000000,9749200,32,0.0,0.0,0.0,nan,nan,nan,nan,nan,nan,nan,nan,nan,nan,nan,nan
NW_006803925.1,13000001,13500000,13211643,32,0.0,0.0,0.0,nan,nan,nan,nan,nan,nan,nan,nan,nan,nan,nan,nan
NW_006803926.1,1,500000,230173,30,0.0,0.0,0.0,nan,nan,nan,nan,nan,nan,nan,nan,nan,nan,nan,nan
NW_006803926.1,2000001,2500000,2232597,33,0.0,0.0,0.0,nan,nan,nan,nan,nan,nan,nan,nan,nan,nan,nan,nan
NW_006803926.1,5500001,6000000,5744600,31,0.0,0.0,0.0,nan,nan,nan,nan,nan,nan,nan,nan,nan,nan,nan,nan
NW_006803926.1,6000001,6500000,6239281,40,0.0,0.0,0.0,nan,nan,nan,nan,nan,nan,nan,nan,nan,nan,nan,nan
NW_006803926.1,6500001,7000000,6752755,39,0.0,0.0,0.0,nan,nan,nan,nan,nan,nan,nan,nan,nan,nan,nan,nan
NW_006803926.1,7000001,7500000,7232265,31,0.0,0.0,0.0,nan,nan,nan,nan,nan,nan,nan,nan,nan,nan,nan,nan
NW_006803926.1,9500001,10000000,9781984,31,0.0,0.0,0.0,nan,nan,nan,nan,nan,nan,nan,nan,nan,nan,nan,nan
NW_006803926.1,10000001,10500000,10280205,30,1.0,1.0,1.0,0.0,1.0,0.0,0.0,0.05,0.0,0.0,0.2351,0.0,nan,-1.1241,nan
NW_006803926.1,10500001,11000000,10767660,30,1.0,1.0,1.0,0.0,0.0,1.0,0.0,0.0,0.0714,0.0,0.0,0.257,nan,nan,-1.1514
NW_006803926.1,11000001,11500000,11298450,32,1.0,1.0,1.0,1.0,1.0,0.0,0.4667,0.2615,0.0,0.3535,0.2351,0.0,0.8198,0.1606,nan
NW_006803926.1,12500001,13000000,12750761,37,0.0,0.0,0.0,nan,nan,nan,nan,nan,nan,nan,nan,nan,nan,nan,nan
NW_006803926.1,13000001,13500000,13239014,33,1.0,1.0,1.0,0.0,0.0,1.0,0.0,0.0,0.1984,0.0,0.0,0.257,nan,nan,-0.3634
NW_006803927.1,3000001,3500000,3254375,31,0.0,0.0,0.0,nan,nan,nan,nan,nan,nan,nan,nan,nan,nan,nan,nan
NW_006803927.1,4000001,4500000,4256429,40,0.0,0.0,0.0,nan,nan,nan,nan,nan,nan,nan,nan,nan,nan,nan,nan
NW_006803927.1,4500001,5000000,4740987,37,0.0,0.0,0.0,nan,nan,nan,nan,nan,nan,nan,nan,nan,nan,nan,nan
NW_006803927.1,5000001,5500000,5272769,36,0.0,0.0,0.0,nan,nan,nan,nan,nan,nan,nan,nan,nan,nan,nan,nan
NW_006803927.1,8500001,9000000,8781978,35,0.0,0.0,0.0,nan,nan,nan,nan,nan,nan,nan,nan,nan,nan,nan,nan
NW_006803927.1,12000001,12500000,12281772,30,0.0,0.0,0.0,nan,nan,nan,nan,nan,nan,nan,nan,nan,nan,nan,nan
NW_006803927.1,13000001,13500000,13264621,38,0.0,0.0,0.0,nan,nan,nan,nan,nan,nan,nan,nan,nan,nan,nan,nan
NW_006803927.1,14000001,14500000,14271792,30,0.0,0.0,0.0,nan,nan,nan,nan,nan,nan,nan,nan,nan,nan,nan,nan
NW_006803928.1,500001,1000000,704050,33,1.0,1.0,1.0,0.0,0.0,1.0,0.0,0.0,0.0714,0.0,0.0,0.257,nan,nan,-1.1514
NW_006803928.1,8000001,8500000,8275227,30,0.0,0.0,0.0,nan,nan,nan,nan,nan,nan,nan,nan,nan,nan,nan,nan
NW_006803928.1,9500001,10000000,9775646,31,1.0,1.0,1.0,1.0,0.0,0.0,0.2,0.0,0.0,0.3535,0.0,0.0,-1.1117,nan,nan
NW_006803928.1,10500001,11000000,10784927,30,0.0,0.0,0.0,nan,nan,nan,nan,nan,nan,nan,nan,nan,nan,nan,nan
NW_006803928.1,11000001,11500000,11282794,31,0.0,0.0,0.0,nan,nan,nan,nan,nan,nan,nan,nan,nan,nan,nan,nan
NW_006803928.1,12000001,12500000,12226953,30,0.0,0.0,0.0,nan,nan,nan,nan,nan,nan,nan,nan,nan,nan,nan,nan
NW_006803929.1,1000001,1500000,1229012,30,1.0,1.0,1.0,0.0,0.0,1.0,0.0,0.0,0.0714,0.0,0.0,0.257,nan,nan,-1.1514
NW_006803929.1,1500001,2000000,1764940,37,1.0,1.0,1.0,0.0,0.0,1.0,0.0,0.0,0.0714,0.0,0.0,0.257,nan,nan,-1.1514
NW_006803929.1,9000001,9500000,9223729,33,0.0,0.0,0.0,nan,nan,nan,nan,nan,nan,nan,nan,nan,nan,nan,nan
NW_006803930.1,1000001,1500000,1262111,34,0.0,0.0,0.0,nan,nan,nan,nan,nan,nan,nan,nan,nan,nan,nan,nan
NW_006803930.1,1500001,2000000,1765380,33,0.0,0.0,0.0,nan,nan,nan,nan,nan,nan,nan,nan,nan,nan,nan,nan
NW_006803930.1,2000001,2500000,2254390,33,0.0,0.0,0.0,nan,nan,nan,nan,nan,nan,nan,nan,nan,nan,nan,nan
NW_006803930.1,2500001,3000000,2760335,33,1.0,1.0,1.0,0.0,0.0,1.0,0.0,0.0,0.0714,0.0,0.0,0.257,nan,nan,-1.1514
NW_006803930.1,4000001,4500000,4267816,30,0.0,0.0,0.0,nan,nan,nan,nan,nan,nan,nan,nan,nan,nan,nan,nan
NW_006803930.1,5000001,5500000,5247777,32,2.0,2.0,2.0,0.0,0.0,2.0,0.0,0.0,0.7725,0.0,0.0,0.5139,nan,nan,1.0524
NW_006803930.1,5500001,6000000,5723467,32,0.0,0.0,0.0,nan,nan,nan,nan,nan,nan,nan,nan,nan,nan,nan,nan
NW_006803930.1,6000001,6500000,6268079,31,0.0,0.0,0.0,nan,nan,nan,nan,nan,nan,nan,nan,nan,nan,nan,nan
NW_006803930.1,7000001,7500000,7259809,36,0.0,0.0,0.0,nan,nan,nan,nan,nan,nan,nan,nan,nan,nan,nan,nan
NW_006803930.1,8000001,8500000,8241918,34,0.0,0.0,0.0,nan,nan,nan,nan,nan,nan,nan,nan,nan,nan,nan,nan
NW_006803930.1,11000001,11500000,11250791,31,0.0,0.0,0.0,nan,nan,nan,nan,nan,nan,nan,nan,nan,nan,nan,nan
NW_006803931.1,1500001,2000000,1794074,35,0.0,0.0,0.0,nan,nan,nan,nan,nan,nan,nan,nan,nan,nan,nan,nan
NW_006803931.1,3000001,3500000,3278025,33,1.0,1.0,1.0,0.0,0.0,1.0,0.0,0.0,0.4947,0.0,0.0,0.257,nan,nan,1.4753
NW_006803931.1,3500001,4000000,3738108,41,1.0,1.0,1.0,0.0,1.0,0.0,0.0,0.05,0.0,0.0,0.2351,0.0,nan,-1.1241,nan
NW_006803931.1,4000001,4500000,4230469,30,0.0,0.0,0.0,nan,nan,nan,nan,nan,nan,nan,nan,nan,nan,nan,nan
NW_006803931.1,5000001,5500000,5266312,30,0.0,0.0,0.0,nan,nan,nan,nan,nan,nan,nan,nan,nan,nan,nan,nan
NW_006803931.1,6500001,7000000,6739466,32,0.0,0.0,0.0,nan,nan,nan,nan,nan,nan,nan,nan,nan,nan,nan,nan
NW_006803931.1,7500001,8000000,7738460,32,0.0,0.0,0.0,nan,nan,nan,nan,nan,nan,nan,nan,nan,nan,nan,nan
NW_006803931.1,8000001,8500000,8262500,30,2.0,2.0,2.0,0.0,0.0,1.0,0.0,0.0,0.0714,0.0,0.0,0.257,nan,nan,-1.1514
NW_006803931.1,9500001,10000000,9775011,31,0.0,0.0,0.0,nan,nan,nan,nan,nan,nan,nan,nan,nan,nan,nan,nan
NW_006803931.1,10000001,10500000,10228953,31,0.0,0.0,0.0,nan,nan,nan,nan,nan,nan,nan,nan,nan,nan,nan,nan
NW_006803931.1,10500001,11000000,10777581,34,0.0,0.0,0.0,nan,nan,nan,nan,nan,nan,nan,nan,nan,nan,nan,nan
NW_006803932.1,500001,1000000,704934,31,0.0,0.0,0.0,nan,nan,nan,nan,nan,nan,nan,nan,nan,nan,nan,nan
NW_006803932.1,2000001,2500000,2312047,33,0.0,0.0,0.0,nan,nan,nan,nan,nan,nan,nan,nan,nan,nan,nan,nan
NW_006803932.1,3500001,4000000,3746835,31,0.0,0.0,0.0,nan,nan,nan,nan,nan,nan,nan,nan,nan,nan,nan,nan
NW_006803932.1,4000001,4500000,4258056,34,0.0,0.0,0.0,nan,nan,nan,nan,nan,nan,nan,nan,nan,nan,nan,nan
NW_006803932.1,4500001,5000000,4816487,33,0.0,0.0,0.0,nan,nan,nan,nan,nan,nan,nan,nan,nan,nan,nan,nan
NW_006803932.1,5000001,5500000,5226921,30,1.0,1.0,1.0,1.0,0.0,0.0,0.2,0.0,0.0,0.3535,0.0,0.0,-1.1117,nan,nan
NW_006803932.1,7500001,8000000,7760736,34,0.0,0.0,0.0,nan,nan,nan,nan,nan,nan,nan,nan,nan,nan,nan,nan
NW_006803932.1,8000001,8500000,8252066,30,0.0,0.0,0.0,nan,nan,nan,nan,nan,nan,nan,nan,nan,nan,nan,nan
NW_006803932.1,9000001,9500000,9202950,31,0.0,0.0,0.0,nan,nan,nan,nan,nan,nan,nan,nan,nan,nan,nan,nan
NW_006803932.1,9500001,10000000,9774013,30,0.0,0.0,0.0,nan,nan,nan,nan,nan,nan,nan,nan,nan,nan,nan,nan
NW_006803932.1,10000001,10500000,10282925,35,0.0,0.0,0.0,nan,nan,nan,nan,nan,nan,nan,nan,nan,nan,nan,nan
NW_006803933.1,1500001,2000000,1745806,38,0.0,0.0,0.0,nan,nan,nan,nan,nan,nan,nan,nan,nan,nan,nan,nan
NW_006803933.1,4500001,5000000,4757171,31,0.0,0.0,0.0,nan,nan,nan,nan,nan,nan,nan,nan,nan,nan,nan,nan
NW_006803933.1,7500001,8000000,7740667,32,0.0,0.0,0.0,nan,nan,nan,nan,nan,nan,nan,nan,nan,nan,nan,nan
NW_006803933.1,8500001,9000000,8743784,30,0.0,0.0,0.0,nan,nan,nan,nan,nan,nan,nan,nan,nan,nan,nan,nan
NW_006803933.1,9000001,9500000,9232969,31,0.0,0.0,0.0,nan,nan,nan,nan,nan,nan,nan,nan,nan,nan,nan,nan
NW_006803933.1,10000001,10500000,10236885,30,0.0,0.0,0.0,nan,nan,nan,nan,nan,nan,nan,nan,nan,nan,nan,nan
NW_006803934.1,1000001,1500000,1268250,33,0.0,0.0,0.0,nan,nan,nan,nan,nan,nan,nan,nan,nan,nan,nan,nan
NW_006803934.1,2000001,2500000,2261876,44,0.0,0.0,0.0,nan,nan,nan,nan,nan,nan,nan,nan,nan,nan,nan,nan
NW_006803934.1,3000001,3500000,3238995,31,0.0,0.0,0.0,nan,nan,nan,nan,nan,nan,nan,nan,nan,nan,nan,nan
NW_006803934.1,6500001,7000000,6779370,33,0.0,0.0,0.0,nan,nan,nan,nan,nan,nan,nan,nan,nan,nan,nan,nan
NW_006803934.1,8000001,8500000,8274973,38,1.0,1.0,1.0,0.0,1.0,0.0,0.0,0.1846,0.0,0.0,0.2351,0.0,nan,-0.3066,nan
NW_006803934.1,8500001,9000000,8731501,33,1.0,1.0,1.0,0.0,0.0,0.0,0.0,0.0,0.0,0.0,0.0,0.0,nan,nan,nan
NW_006803934.1,9500001,10000000,9706629,30,0.0,0.0,0.0,nan,nan,nan,nan,nan,nan,nan,nan,nan,nan,nan,nan
NW_006803936.1,500001,1000000,704093,39,0.0,0.0,0.0,nan,nan,nan,nan,nan,nan,nan,nan,nan,nan,nan,nan
NW_006803936.1,5500001,6000000,5795867,30,0.0,0.0,0.0,nan,nan,nan,nan,nan,nan,nan,nan,nan,nan,nan,nan
NW_006803936.1,6000001,6500000,6245510,36,0.0,0.0,0.0,nan,nan,nan,nan,nan,nan,nan,nan,nan,nan,nan,nan
NW_006803936.1,7500001,8000000,7748239,35,0.0,0.0,0.0,nan,nan,nan,nan,nan,nan,nan,nan,nan,nan,nan,nan
NW_006803936.1,8000001,8500000,8225014,34,0.0,0.0,0.0,nan,nan,nan,nan,nan,nan,nan,nan,nan,nan,nan,nan
NW_006803937.1,5000001,5500000,5289429,36,0.0,0.0,0.0,nan,nan,nan,nan,nan,nan,nan,nan,nan,nan,nan,nan
NW_006803937.1,7500001,8000000,7757672,30,0.0,0.0,0.0,nan,nan,nan,nan,nan,nan,nan,nan,nan,nan,nan,nan
NW_006803937.1,9500001,10000000,9703682,31,0.0,0.0,0.0,nan,nan,nan,nan,nan,nan,nan,nan,nan,nan,nan,nan
NW_006803938.1,6500001,7000000,6783130,30,0.0,0.0,0.0,nan,nan,nan,nan,nan,nan,nan,nan,nan,nan,nan,nan
NW_006803939.1,1,500000,222521,31,0.0,0.0,0.0,nan,nan,nan,nan,nan,nan,nan,nan,nan,nan,nan,nan
NW_006803939.1,4500001,5000000,4761623,36,1.0,1.0,1.0,0.0,0.0,1.0,0.0,0.0,0.0714,0.0,0.0,0.257,nan,nan,-1.1514
NW_006803939.1,6000001,6500000,6225012,31,0.0,0.0,0.0,nan,nan,nan,nan,nan,nan,nan,nan,nan,nan,nan,nan
NW_006803939.1,7500001,8000000,7780181,30,0.0,0.0,0.0,nan,nan,nan,nan,nan,nan,nan,nan,nan,nan,nan,nan
NW_006803939.1,9000001,9500000,9245543,30,0.0,0.0,0.0,nan,nan,nan,nan,nan,nan,nan,nan,nan,nan,nan,nan
NW_006803939.1,9500001,10000000,9764135,32,0.0,0.0,0.0,nan,nan,nan,nan,nan,nan,nan,nan,nan,nan,nan,nan
NW_006803940.1,1,500000,245725,32,0.0,0.0,0.0,nan,nan,nan,nan,nan,nan,nan,nan,nan,nan,nan,nan
NW_006803940.1,500001,1000000,787579,36,0.0,0.0,0.0,nan,nan,nan,nan,nan,nan,nan,nan,nan,nan,nan,nan
NW_006803940.1,1000001,1500000,1237686,30,0.0,0.0,0.0,nan,nan,nan,nan,nan,nan,nan,nan,nan,nan,nan,nan
NW_006803940.1,2000001,2500000,2231304,30,0.0,0.0,0.0,nan,nan,nan,nan,nan,nan,nan,nan,nan,nan,nan,nan
NW_006803940.1,3000001,3500000,3237189,36,1.0,1.0,1.0,0.0,1.0,1.0,0.0,0.05,0.4762,0.0,0.2351,0.257,nan,-1.1241,1.3604
NW_006803940.1,4500001,5000000,4749225,40,0.0,0.0,0.0,nan,nan,nan,nan,nan,nan,nan,nan,nan,nan,nan,nan
NW_006803940.1,6000001,6500000,6199176,30,0.0,0.0,0.0,nan,nan,nan,nan,nan,nan,nan,nan,nan,nan,nan,nan
NW_006803940.1,6500001,7000000,6748859,31,1.0,1.0,1.0,1.0,0.0,0.0,0.3556,0.0,0.0,0.3535,0.0,0.0,0.015,nan,nan
NW_006803940.1,7000001,7500000,7269324,35,0.0,0.0,0.0,nan,nan,nan,nan,nan,nan,nan,nan,nan,nan,nan,nan
NW_006803940.1,8000001,8500000,8286294,30,0.0,0.0,0.0,nan,nan,nan,nan,nan,nan,nan,nan,nan,nan,nan,nan
NW_006803941.1,5500001,6000000,5753415,36,0.0,0.0,0.0,nan,nan,nan,nan,nan,nan,nan,nan,nan,nan,nan,nan
NW_006803941.1,7000001,7500000,7261415,35,1.0,1.0,1.0,0.0,0.0,1.0,0.0,0.0,0.4947,0.0,0.0,0.257,nan,nan,1.4753
NW_006803941.1,8000001,8500000,8213575,30,0.0,0.0,0.0,nan,nan,nan,nan,nan,nan,nan,nan,nan,nan,nan,nan
NW_006803942.1,1000001,1500000,1251806,31,1.0,1.0,1.0,0.0,0.0,0.0,0.0,0.0,0.0,0.0,0.0,0.0,nan,nan,nan
NW_006803942.1,8000001,8500000,8243697,30,0.0,0.0,0.0,nan,nan,nan,nan,nan,nan,nan,nan,nan,nan,nan,nan
NW_006803943.1,1500001,2000000,1785017,31,0.0,0.0,0.0,nan,nan,nan,nan,nan,nan,nan,nan,nan,nan,nan,nan
NW_006803943.1,3500001,4000000,3730216,33,2.0,2.0,2.0,2.0,2.0,2.0,0.6667,0.7372,0.8677,0.707,0.4702,0.5139,-0.1839,1.0721,1.4401
NW_006803943.1,4500001,5000000,4718772,33,0.0,0.0,0.0,nan,nan,nan,nan,nan,nan,nan,nan,nan,nan,nan,nan
NW_006803943.1,6500001,7000000,6735486,30,0.0,0.0,0.0,nan,nan,nan,nan,nan,nan,nan,nan,nan,nan,nan,nan
NW_006803944.1,1500001,2000000,1783082,39,0.0,0.0,0.0,nan,nan,nan,nan,nan,nan,nan,nan,nan,nan,nan,nan
NW_006803945.1,5500001,6000000,5722393,33,0.0,0.0,0.0,nan,nan,nan,nan,nan,nan,nan,nan,nan,nan,nan,nan
NW_006803945.1,6000001,6500000,6265928,32,0.0,0.0,0.0,nan,nan,nan,nan,nan,nan,nan,nan,nan,nan,nan,nan
NW_006803946.1,1,500000,276489,32,0.0,0.0,0.0,nan,nan,nan,nan,nan,nan,nan,nan,nan,nan,nan,nan
NW_006803946.1,1000001,1500000,1245601,34,0.0,0.0,0.0,nan,nan,nan,nan,nan,nan,nan,nan,nan,nan,nan,nan
NW_006803946.1,1500001,2000000,1689250,31,0.0,0.0,0.0,nan,nan,nan,nan,nan,nan,nan,nan,nan,nan,nan,nan
NW_006803946.1,3000001,3500000,3233103,34,0.0,0.0,0.0,nan,nan,nan,nan,nan,nan,nan,nan,nan,nan,nan,nan
NW_006803946.1,6000001,6500000,6290705,33,0.0,0.0,0.0,nan,nan,nan,nan,nan,nan,nan,nan,nan,nan,nan,nan
NW_006803946.1,8000001,8500000,8201777,35,1.0,1.0,1.0,0.0,0.0,1.0,0.0,0.0,0.0714,0.0,0.0,0.257,nan,nan,-1.1514
NW_006803947.1,2500001,3000000,2719274,31,1.0,1.0,1.0,0.0,1.0,0.0,0.0,0.3282,0.0,0.0,0.2351,0.0,nan,0.5654,nan
NW_006803947.1,3000001,3500000,3282653,34,0.0,0.0,0.0,nan,nan,nan,nan,nan,nan,nan,nan,nan,nan,nan,nan
NW_006803947.1,8000001,8500000,8257852,33,0.0,0.0,0.0,nan,nan,nan,nan,nan,nan,nan,nan,nan,nan,nan,nan
NW_006803948.1,500001,1000000,743817,30,0.0,0.0,0.0,nan,nan,nan,nan,nan,nan,nan,nan,nan,nan,nan,nan
NW_006803948.1,1000001,1500000,1239067,30,0.0,0.0,0.0,nan,nan,nan,nan,nan,nan,nan,nan,nan,nan,nan,nan
NW_006803948.1,1500001,2000000,1748083,32,0.0,0.0,0.0,nan,nan,nan,nan,nan,nan,nan,nan,nan,nan,nan,nan
NW_006803948.1,2000001,2500000,2262175,30,0.0,0.0,0.0,nan,nan,nan,nan,nan,nan,nan,nan,nan,nan,nan,nan
NW_006803948.1,2500001,3000000,2723963,34,3.0,3.0,3.0,0.0,3.0,1.0,0.0,0.8385,0.3492,0.0,0.7053,0.257,nan,0.4116,0.5724
NW_006803948.1,5500001,6000000,5764297,32,0.0,0.0,0.0,nan,nan,nan,nan,nan,nan,nan,nan,nan,nan,nan,nan
NW_006803948.1,6000001,6500000,6246531,36,0.0,0.0,0.0,nan,nan,nan,nan,nan,nan,nan,nan,nan,nan,nan,nan
NW_006803948.1,6500001,7000000,6758734,35,0.0,0.0,0.0,nan,nan,nan,nan,nan,nan,nan,nan,nan,nan,nan,nan
NW_006803948.1,7000001,7500000,7268073,36,1.0,1.0,1.0,0.0,0.0,1.0,0.0,0.0,0.4233,0.0,0.0,0.257,nan,nan,1.032
NW_006803948.1,8000001,8500000,8205913,35,0.0,0.0,0.0,nan,nan,nan,nan,nan,nan,nan,nan,nan,nan,nan,nan
NW_006803950.1,1000001,1500000,1283203,33,0.0,0.0,0.0,nan,nan,nan,nan,nan,nan,nan,nan,nan,nan,nan,nan
NW_006803950.1,3500001,4000000,3733249,31,0.0,0.0,0.0,nan,nan,nan,nan,nan,nan,nan,nan,nan,nan,nan,nan
NW_006803950.1,4500001,5000000,4755766,39,0.0,0.0,0.0,nan,nan,nan,nan,nan,nan,nan,nan,nan,nan,nan,nan
NW_006803950.1,5000001,5500000,5273505,35,0.0,0.0,0.0,nan,nan,nan,nan,nan,nan,nan,nan,nan,nan,nan,nan
NW_006803950.1,5500001,6000000,5718111,36,0.0,0.0,0.0,nan,nan,nan,nan,nan,nan,nan,nan,nan,nan,nan,nan
NW_006803950.1,6000001,6500000,6238860,31,0.0,0.0,0.0,nan,nan,nan,nan,nan,nan,nan,nan,nan,nan,nan,nan
NW_006803950.1,6500001,7000000,6770912,30,0.0,0.0,0.0,nan,nan,nan,nan,nan,nan,nan,nan,nan,nan,nan,nan
NW_006803951.1,500001,1000000,742685,36,0.0,0.0,0.0,nan,nan,nan,nan,nan,nan,nan,nan,nan,nan,nan,nan
NW_006803951.1,1000001,1500000,1241271,37,1.0,1.0,1.0,0.0,0.0,1.0,0.0,0.0,0.0714,0.0,0.0,0.257,nan,nan,-1.1514
NW_006803951.1,1500001,2000000,1773854,43,1.0,1.0,1.0,1.0,0.0,0.0,0.2,0.0,0.0,0.3535,0.0,0.0,-1.1117,nan,nan
NW_006803951.1,2000001,2500000,2254642,38,0.0,0.0,0.0,nan,nan,nan,nan,nan,nan,nan,nan,nan,nan,nan,nan
NW_006803951.1,5500001,6000000,5776085,31,0.0,0.0,0.0,nan,nan,nan,nan,nan,nan,nan,nan,nan,nan,nan,nan
NW_006803951.1,6500001,7000000,6744847,34,0.0,0.0,0.0,nan,nan,nan,nan,nan,nan,nan,nan,nan,nan,nan,nan
NW_006803953.1,6000001,6500000,6248797,30,1.0,1.0,1.0,0.0,0.0,1.0,0.0,0.0,0.3889,0.0,0.0,0.257,nan,nan,0.8186
NW_006803954.1,500001,1000000,783650,31,0.0,0.0,0.0,nan,nan,nan,nan,nan,nan,nan,nan,nan,nan,nan,nan
NW_006803955.1,2500001,3000000,2717989,32,0.0,0.0,0.0,nan,nan,nan,nan,nan,nan,nan,nan,nan,nan,nan,nan
NW_006803955.1,3000001,3500000,3232900,32,0.0,0.0,0.0,nan,nan,nan,nan,nan,nan,nan,nan,nan,nan,nan,nan
NW_006803955.1,7000001,7500000,7245270,36,0.0,0.0,0.0,nan,nan,nan,nan,nan,nan,nan,nan,nan,nan,nan,nan
NW_006803956.1,2500001,3000000,2718907,32,0.0,0.0,0.0,nan,nan,nan,nan,nan,nan,nan,nan,nan,nan,nan,nan
NW_006803956.1,4500001,5000000,4740389,30,0.0,0.0,0.0,nan,nan,nan,nan,nan,nan,nan,nan,nan,nan,nan,nan
NW_006803956.1,5000001,5500000,5223726,30,0.0,0.0,0.0,nan,nan,nan,nan,nan,nan,nan,nan,nan,nan,nan,nan
NW_006803956.1,5500001,6000000,5781036,31,0.0,0.0,0.0,nan,nan,nan,nan,nan,nan,nan,nan,nan,nan,nan,nan
NW_006803956.1,7000001,7500000,7217700,31,0.0,0.0,0.0,nan,nan,nan,nan,nan,nan,nan,nan,nan,nan,nan,nan
NW_006803957.1,1,500000,230882,30,0.0,0.0,0.0,nan,nan,nan,nan,nan,nan,nan,nan,nan,nan,nan,nan
NW_006803957.1,1500001,2000000,1764120,32,0.0,0.0,0.0,nan,nan,nan,nan,nan,nan,nan,nan,nan,nan,nan,nan
NW_006803957.1,2500001,3000000,2741276,34,0.0,0.0,0.0,nan,nan,nan,nan,nan,nan,nan,nan,nan,nan,nan,nan
NW_006803958.1,1000001,1500000,1257344,33,0.0,0.0,0.0,nan,nan,nan,nan,nan,nan,nan,nan,nan,nan,nan,nan
NW_006803958.1,4000001,4500000,4214818,31,0.0,0.0,0.0,nan,nan,nan,nan,nan,nan,nan,nan,nan,nan,nan,nan
NW_006803958.1,4500001,5000000,4744053,40,0.0,0.0,0.0,nan,nan,nan,nan,nan,nan,nan,nan,nan,nan,nan,nan
NW_006803958.1,5500001,6000000,5771283,33,0.0,0.0,0.0,nan,nan,nan,nan,nan,nan,nan,nan,nan,nan,nan,nan
NW_006803958.1,6000001,6500000,6250150,30,0.0,0.0,0.0,nan,nan,nan,nan,nan,nan,nan,nan,nan,nan,nan,nan
NW_006803959.1,2500001,3000000,2745353,33,0.0,0.0,0.0,nan,nan,nan,nan,nan,nan,nan,nan,nan,nan,nan,nan
NW_006803960.1,4500001,5000000,4755177,34,0.0,0.0,0.0,nan,nan,nan,nan,nan,nan,nan,nan,nan,nan,nan,nan
NW_006803961.1,1500001,2000000,1771340,33,0.0,0.0,0.0,nan,nan,nan,nan,nan,nan,nan,nan,nan,nan,nan,nan
NW_006803961.1,2500001,3000000,2738199,30,0.0,0.0,0.0,nan,nan,nan,nan,nan,nan,nan,nan,nan,nan,nan,nan
NW_006803961.1,3000001,3500000,3256266,37,1.0,1.0,1.0,0.0,0.0,1.0,0.0,0.0,0.0714,0.0,0.0,0.257,nan,nan,-1.1514
NW_006803961.1,5000001,5500000,5283464,32,0.0,0.0,0.0,nan,nan,nan,nan,nan,nan,nan,nan,nan,nan,nan,nan
NW_006803962.1,1,500000,252229,37,0.0,0.0,0.0,nan,nan,nan,nan,nan,nan,nan,nan,nan,nan,nan,nan
NW_006803962.1,1000001,1500000,1314009,30,0.0,0.0,0.0,nan,nan,nan,nan,nan,nan,nan,nan,nan,nan,nan,nan
NW_006803962.1,1500001,2000000,1786383,37,0.0,0.0,0.0,nan,nan,nan,nan,nan,nan,nan,nan,nan,nan,nan,nan
NW_006803962.1,2500001,3000000,2736125,30,0.0,0.0,0.0,nan,nan,nan,nan,nan,nan,nan,nan,nan,nan,nan,nan
NW_006803962.1,4000001,4500000,4292785,41,0.0,0.0,0.0,nan,nan,nan,nan,nan,nan,nan,nan,nan,nan,nan,nan
NW_006803962.1,5500001,6000000,5734786,32,0.0,0.0,0.0,nan,nan,nan,nan,nan,nan,nan,nan,nan,nan,nan,nan
NW_006803962.1,6500001,7000000,6747383,31,0.0,0.0,0.0,nan,nan,nan,nan,nan,nan,nan,nan,nan,nan,nan,nan
NW_006803963.1,1000001,1500000,1238266,44,0.0,0.0,0.0,nan,nan,nan,nan,nan,nan,nan,nan,nan,nan,nan,nan
NW_006803963.1,1500001,2000000,1715777,35,0.0,0.0,0.0,nan,nan,nan,nan,nan,nan,nan,nan,nan,nan,nan,nan
NW_006803963.1,2000001,2500000,2271793,34,0.0,0.0,0.0,nan,nan,nan,nan,nan,nan,nan,nan,nan,nan,nan,nan
NW_006803963.1,3000001,3500000,3233333,30,1.0,1.0,1.0,0.0,1.0,1.0,0.0,0.2244,0.0714,0.0,0.2351,0.257,nan,-0.0652,-1.1514
NW_006803964.1,1500001,2000000,1785595,31,0.0,0.0,0.0,nan,nan,nan,nan,nan,nan,nan,nan,nan,nan,nan,nan
NW_006803964.1,2000001,2500000,2225523,30,0.0,0.0,0.0,nan,nan,nan,nan,nan,nan,nan,nan,nan,nan,nan,nan
NW_006803964.1,3500001,4000000,3747872,36,1.0,1.0,1.0,0.0,0.0,1.0,0.0,0.0,0.0714,0.0,0.0,0.257,nan,nan,-1.1514
NW_006803964.1,5000001,5500000,5248814,33,0.0,0.0,0.0,nan,nan,nan,nan,nan,nan,nan,nan,nan,nan,nan,nan
NW_006803964.1,5500001,6000000,5736125,34,0.0,0.0,0.0,nan,nan,nan,nan,nan,nan,nan,nan,nan,nan,nan,nan
NW_006803964.1,6000001,6500000,6285408,35,0.0,0.0,0.0,nan,nan,nan,nan,nan,nan,nan,nan,nan,nan,nan,nan
NW_006803965.1,1,500000,240534,35,0.0,0.0,0.0,nan,nan,nan,nan,nan,nan,nan,nan,nan,nan,nan,nan
NW_006803966.1,1,500000,251077,31,0.0,0.0,0.0,nan,nan,nan,nan,nan,nan,nan,nan,nan,nan,nan,nan
NW_006803966.1,500001,1000000,746652,30,0.0,0.0,0.0,nan,nan,nan,nan,nan,nan,nan,nan,nan,nan,nan,nan
NW_006803966.1,1000001,1500000,1276608,30,0.0,0.0,0.0,nan,nan,nan,nan,nan,nan,nan,nan,nan,nan,nan,nan
NW_006803966.1,5000001,5500000,5229293,38,0.0,0.0,0.0,nan,nan,nan,nan,nan,nan,nan,nan,nan,nan,nan,nan
NW_006803967.1,1000001,1500000,1250713,30,0.0,0.0,0.0,nan,nan,nan,nan,nan,nan,nan,nan,nan,nan,nan,nan
NW_006803967.1,2000001,2500000,2238456,31,0.0,0.0,0.0,nan,nan,nan,nan,nan,nan,nan,nan,nan,nan,nan,nan
NW_006803967.1,3000001,3500000,3264644,37,0.0,0.0,0.0,nan,nan,nan,nan,nan,nan,nan,nan,nan,nan,nan,nan
NW_006803967.1,4000001,4500000,4294472,34,0.0,0.0,0.0,nan,nan,nan,nan,nan,nan,nan,nan,nan,nan,nan,nan
NW_006803967.1,5000001,5500000,5227207,45,0.0,0.0,0.0,nan,nan,nan,nan,nan,nan,nan,nan,nan,nan,nan,nan
NW_006803968.1,3000001,3500000,3221989,32,0.0,0.0,0.0,nan,nan,nan,nan,nan,nan,nan,nan,nan,nan,nan,nan
NW_006803968.1,3500001,4000000,3744552,30,0.0,0.0,0.0,nan,nan,nan,nan,nan,nan,nan,nan,nan,nan,nan,nan
NW_006803968.1,4500001,5000000,4768701,35,1.0,1.0,1.0,0.0,0.0,1.0,0.0,0.0,0.5159,0.0,0.0,0.257,nan,nan,1.6066
NW_006803968.1,5500001,6000000,5779778,32,1.0,1.0,1.0,0.0,0.0,1.0,0.0,0.0,0.0714,0.0,0.0,0.257,nan,nan,-1.1514
NW_006803969.1,3500001,4000000,3766954,34,0.0,0.0,0.0,nan,nan,nan,nan,nan,nan,nan,nan,nan,nan,nan,nan
NW_006803969.1,4500001,5000000,4774667,34,0.0,0.0,0.0,nan,nan,nan,nan,nan,nan,nan,nan,nan,nan,nan,nan
NW_006803970.1,1000001,1500000,1207240,33,0.0,0.0,0.0,nan,nan,nan,nan,nan,nan,nan,nan,nan,nan,nan,nan
NW_006803970.1,5000001,5500000,5254931,35,0.0,0.0,0.0,nan,nan,nan,nan,nan,nan,nan,nan,nan,nan,nan,nan
NW_006803970.1,6000001,6500000,6272710,30,0.0,0.0,0.0,nan,nan,nan,nan,nan,nan,nan,nan,nan,nan,nan,nan
NW_006803972.1,500001,1000000,758865,37,0.0,0.0,0.0,nan,nan,nan,nan,nan,nan,nan,nan,nan,nan,nan,nan
NW_006803972.1,1000001,1500000,1269983,33,0.0,0.0,0.0,nan,nan,nan,nan,nan,nan,nan,nan,nan,nan,nan,nan
NW_006803972.1,1500001,2000000,1711779,34,0.0,0.0,0.0,nan,nan,nan,nan,nan,nan,nan,nan,nan,nan,nan,nan
NW_006803972.1,5500001,6000000,5741806,33,0.0,0.0,0.0,nan,nan,nan,nan,nan,nan,nan,nan,nan,nan,nan,nan
NW_006803973.1,5500001,6000000,5726865,30,1.0,1.0,1.0,1.0,0.0,0.0,0.4667,0.0,0.0,0.3535,0.0,0.0,0.8198,nan,nan
NW_006803975.1,3000001,3500000,3262669,31,0.0,0.0,0.0,nan,nan,nan,nan,nan,nan,nan,nan,nan,nan,nan,nan
NW_006803976.1,3000001,3500000,3303142,32,0.0,0.0,0.0,nan,nan,nan,nan,nan,nan,nan,nan,nan,nan,nan,nan
NW_006803976.1,3500001,4000000,3761303,30,0.0,0.0,0.0,nan,nan,nan,nan,nan,nan,nan,nan,nan,nan,nan,nan
NW_006803976.1,4000001,4500000,4231873,30,0.0,0.0,0.0,nan,nan,nan,nan,nan,nan,nan,nan,nan,nan,nan,nan
NW_006803977.1,1,500000,217661,31,0.0,0.0,0.0,nan,nan,nan,nan,nan,nan,nan,nan,nan,nan,nan,nan
NW_006803978.1,1000001,1500000,1279166,34,0.0,0.0,0.0,nan,nan,nan,nan,nan,nan,nan,nan,nan,nan,nan,nan
NW_006803978.1,4000001,4500000,4244115,39,0.0,0.0,0.0,nan,nan,nan,nan,nan,nan,nan,nan,nan,nan,nan,nan
NW_006803978.1,4500001,5000000,4723294,39,0.0,0.0,0.0,nan,nan,nan,nan,nan,nan,nan,nan,nan,nan,nan,nan
NW_006803978.1,5000001,5500000,5271056,34,0.0,0.0,0.0,nan,nan,nan,nan,nan,nan,nan,nan,nan,nan,nan,nan
NW_006803979.1,1000001,1500000,1218018,30,0.0,0.0,0.0,nan,nan,nan,nan,nan,nan,nan,nan,nan,nan,nan,nan
NW_006803980.1,500001,1000000,766400,41,0.0,0.0,0.0,nan,nan,nan,nan,nan,nan,nan,nan,nan,nan,nan,nan
NW_006803981.1,2500001,3000000,2738261,30,0.0,0.0,0.0,nan,nan,nan,nan,nan,nan,nan,nan,nan,nan,nan,nan
NW_006803981.1,3500001,4000000,3719014,31,0.0,0.0,0.0,nan,nan,nan,nan,nan,nan,nan,nan,nan,nan,nan,nan
NW_006803982.1,1000001,1500000,1247013,32,0.0,0.0,0.0,nan,nan,nan,nan,nan,nan,nan,nan,nan,nan,nan,nan
NW_006803982.1,2500001,3000000,2743760,31,2.0,2.0,2.0,0.0,0.0,1.0,0.0,0.0,0.0714,0.0,0.0,0.257,nan,nan,-1.1514
NW_006803983.1,1,500000,246893,34,0.0,0.0,0.0,nan,nan,nan,nan,nan,nan,nan,nan,nan,nan,nan,nan
NW_006803983.1,1500001,2000000,1741137,32,0.0,0.0,0.0,nan,nan,nan,nan,nan,nan,nan,nan,nan,nan,nan,nan
NW_006803983.1,2000001,2500000,2181853,31,0.0,0.0,0.0,nan,nan,nan,nan,nan,nan,nan,nan,nan,nan,nan,nan
NW_006803983.1,3000001,3500000,3257646,32,0.0,0.0,0.0,nan,nan,nan,nan,nan,nan,nan,nan,nan,nan,nan,nan
NW_006803985.1,1,500000,194888,35,0.0,0.0,0.0,nan,nan,nan,nan,nan,nan,nan,nan,nan,nan,nan,nan
NW_006803985.1,1500001,2000000,1744206,33,0.0,0.0,0.0,nan,nan,nan,nan,nan,nan,nan,nan,nan,nan,nan,nan
NW_006803985.1,2000001,2500000,2220991,37,0.0,0.0,0.0,nan,nan,nan,nan,nan,nan,nan,nan,nan,nan,nan,nan
NW_006803985.1,3500001,4000000,3730494,32,0.0,0.0,0.0,nan,nan,nan,nan,nan,nan,nan,nan,nan,nan,nan,nan
NW_006803986.1,1,500000,254443,30,0.0,0.0,0.0,nan,nan,nan,nan,nan,nan,nan,nan,nan,nan,nan,nan
NW_006803986.1,4500001,5000000,4761223,36,1.0,1.0,1.0,1.0,0.0,1.0,0.5333,0.0,0.0714,0.3535,0.0,0.257,1.3027,nan,-1.1514
NW_006803987.1,1000001,1500000,1197217,31,0.0,0.0,0.0,nan,nan,nan,nan,nan,nan,nan,nan,nan,nan,nan,nan
NW_006803987.1,2500001,3000000,2764746,30,0.0,0.0,0.0,nan,nan,nan,nan,nan,nan,nan,nan,nan,nan,nan,nan
NW_006803987.1,4500001,5000000,4783990,32,0.0,0.0,0.0,nan,nan,nan,nan,nan,nan,nan,nan,nan,nan,nan,nan
NW_006803989.1,1,500000,197723,32,0.0,0.0,0.0,nan,nan,nan,nan,nan,nan,nan,nan,nan,nan,nan,nan
NW_006803989.1,500001,1000000,706206,30,0.0,0.0,0.0,nan,nan,nan,nan,nan,nan,nan,nan,nan,nan,nan,nan
NW_006803989.1,1000001,1500000,1287392,33,0.0,0.0,0.0,nan,nan,nan,nan,nan,nan,nan,nan,nan,nan,nan,nan
NW_006803989.1,1500001,2000000,1716666,34,0.0,0.0,0.0,nan,nan,nan,nan,nan,nan,nan,nan,nan,nan,nan,nan
NW_006803989.1,2000001,2500000,2273200,36,0.0,0.0,0.0,nan,nan,nan,nan,nan,nan,nan,nan,nan,nan,nan,nan
NW_006803990.1,500001,1000000,728162,32,0.0,0.0,0.0,nan,nan,nan,nan,nan,nan,nan,nan,nan,nan,nan,nan
NW_006803990.1,1000001,1500000,1261097,33,0.0,0.0,0.0,nan,nan,nan,nan,nan,nan,nan,nan,nan,nan,nan,nan
NW_006803990.1,1500001,2000000,1680069,30,0.0,0.0,0.0,nan,nan,nan,nan,nan,nan,nan,nan,nan,nan,nan,nan
NW_006803990.1,2000001,2500000,2238148,32,0.0,0.0,0.0,nan,nan,nan,nan,nan,nan,nan,nan,nan,nan,nan,nan
NW_006803990.1,2500001,3000000,2764750,30,0.0,0.0,0.0,nan,nan,nan,nan,nan,nan,nan,nan,nan,nan,nan,nan
NW_006803990.1,4500001,5000000,4757736,32,0.0,0.0,0.0,nan,nan,nan,nan,nan,nan,nan,nan,nan,nan,nan,nan
NW_006803991.1,3000001,3500000,3253700,33,0.0,0.0,0.0,nan,nan,nan,nan,nan,nan,nan,nan,nan,nan,nan,nan
NW_006803991.1,3500001,4000000,3780806,42,0.0,0.0,0.0,nan,nan,nan,nan,nan,nan,nan,nan,nan,nan,nan,nan
NW_006803991.1,4000001,4500000,4252529,43,0.0,0.0,0.0,nan,nan,nan,nan,nan,nan,nan,nan,nan,nan,nan,nan
NW_006803991.1,4500001,5000000,4769000,37,1.0,1.0,1.0,0.0,0.0,1.0,0.0,0.0,0.1376,0.0,0.0,0.257,nan,nan,-0.741
NW_006803993.1,2500001,3000000,2774001,30,0.0,0.0,0.0,nan,nan,nan,nan,nan,nan,nan,nan,nan,nan,nan,nan
NW_006803993.1,4000001,4500000,4236798,40,0.0,0.0,0.0,nan,nan,nan,nan,nan,nan,nan,nan,nan,nan,nan,nan
NW_006803995.1,1500001,2000000,1744786,30,0.0,0.0,0.0,nan,nan,nan,nan,nan,nan,nan,nan,nan,nan,nan,nan
NW_006803995.1,2500001,3000000,2787915,32,0.0,0.0,0.0,nan,nan,nan,nan,nan,nan,nan,nan,nan,nan,nan,nan
NW_006803995.1,3500001,4000000,3726069,31,0.0,0.0,0.0,nan,nan,nan,nan,nan,nan,nan,nan,nan,nan,nan,nan
NW_006803995.1,4500001,5000000,4723189,33,0.0,0.0,0.0,nan,nan,nan,nan,nan,nan,nan,nan,nan,nan,nan,nan
NW_006803996.1,2000001,2500000,2299987,32,0.0,0.0,0.0,nan,nan,nan,nan,nan,nan,nan,nan,nan,nan,nan,nan
NW_006803996.1,2500001,3000000,2747574,32,1.0,1.0,1.0,0.0,0.0,0.0,0.0,0.0,0.0,0.0,0.0,0.0,nan,nan,nan
NW_006803996.1,3000001,3500000,3273585,33,0.0,0.0,0.0,nan,nan,nan,nan,nan,nan,nan,nan,nan,nan,nan,nan
NW_006803998.1,1500001,2000000,1752887,37,0.0,0.0,0.0,nan,nan,nan,nan,nan,nan,nan,nan,nan,nan,nan,nan
NW_006803998.1,4000001,4500000,4295587,31,0.0,0.0,0.0,nan,nan,nan,nan,nan,nan,nan,nan,nan,nan,nan,nan
NW_006803999.1,500001,1000000,735165,30,0.0,0.0,0.0,nan,nan,nan,nan,nan,nan,nan,nan,nan,nan,nan,nan
NW_006803999.1,1500001,2000000,1740833,30,0.0,0.0,0.0,nan,nan,nan,nan,nan,nan,nan,nan,nan,nan,nan,nan
NW_006803999.1,2500001,3000000,2724566,30,0.0,0.0,0.0,nan,nan,nan,nan,nan,nan,nan,nan,nan,nan,nan,nan
NW_006803999.1,3000001,3500000,3254035,31,0.0,0.0,0.0,nan,nan,nan,nan,nan,nan,nan,nan,nan,nan,nan,nan
NW_006803999.1,4500001,5000000,4753303,32,0.0,0.0,0.0,nan,nan,nan,nan,nan,nan,nan,nan,nan,nan,nan,nan
NW_006804000.1,1,500000,253933,40,0.0,0.0,0.0,nan,nan,nan,nan,nan,nan,nan,nan,nan,nan,nan,nan
NW_006804003.1,2000001,2500000,2243725,36,0.0,0.0,0.0,nan,nan,nan,nan,nan,nan,nan,nan,nan,nan,nan,nan
NW_006804003.1,3500001,4000000,3776271,32,0.0,0.0,0.0,nan,nan,nan,nan,nan,nan,nan,nan,nan,nan,nan,nan
NW_006804004.1,1000001,1500000,1266285,30,0.0,0.0,0.0,nan,nan,nan,nan,nan,nan,nan,nan,nan,nan,nan,nan
NW_006804005.1,1,500000,269478,36,0.0,0.0,0.0,nan,nan,nan,nan,nan,nan,nan,nan,nan,nan,nan,nan
NW_006804005.1,2000001,2500000,2257242,30,0.0,0.0,0.0,nan,nan,nan,nan,nan,nan,nan,nan,nan,nan,nan,nan
NW_006804005.1,2500001,3000000,2739859,31,0.0,0.0,0.0,nan,nan,nan,nan,nan,nan,nan,nan,nan,nan,nan,nan
NW_006804005.1,4000001,4500000,4260201,37,0.0,0.0,0.0,nan,nan,nan,nan,nan,nan,nan,nan,nan,nan,nan,nan
NW_006804005.1,5000001,5500000,5234630,43,0.0,0.0,0.0,nan,nan,nan,nan,nan,nan,nan,nan,nan,nan,nan,nan
NW_006804006.1,3000001,3500000,3298572,33,0.0,0.0,0.0,nan,nan,nan,nan,nan,nan,nan,nan,nan,nan,nan,nan
NW_006804007.1,1,500000,212004,31,0.0,0.0,0.0,nan,nan,nan,nan,nan,nan,nan,nan,nan,nan,nan,nan
NW_006804007.1,4000001,4500000,4259750,35,1.0,1.0,1.0,0.0,0.0,1.0,0.0,0.0,0.0714,0.0,0.0,0.257,nan,nan,-1.1514
NW_006804008.1,1000001,1500000,1249064,36,0.0,0.0,0.0,nan,nan,nan,nan,nan,nan,nan,nan,nan,nan,nan,nan
NW_006804008.1,2500001,3000000,2751615,30,0.0,0.0,0.0,nan,nan,nan,nan,nan,nan,nan,nan,nan,nan,nan,nan
NW_006804009.1,2000001,2500000,2213578,37,0.0,0.0,0.0,nan,nan,nan,nan,nan,nan,nan,nan,nan,nan,nan,nan
NW_006804009.1,3000001,3500000,3180625,31,0.0,0.0,0.0,nan,nan,nan,nan,nan,nan,nan,nan,nan,nan,nan,nan
NW_006804009.1,5000001,5500000,5287243,31,0.0,0.0,0.0,nan,nan,nan,nan,nan,nan,nan,nan,nan,nan,nan,nan
NW_006804010.1,1,500000,271081,44,0.0,0.0,0.0,nan,nan,nan,nan,nan,nan,nan,nan,nan,nan,nan,nan
NW_006804010.1,1000001,1500000,1261165,32,0.0,0.0,0.0,nan,nan,nan,nan,nan,nan,nan,nan,nan,nan,nan,nan
NW_006804010.1,4000001,4500000,4283689,32,0.0,0.0,0.0,nan,nan,nan,nan,nan,nan,nan,nan,nan,nan,nan,nan
NW_006804011.1,1000001,1500000,1233665,38,0.0,0.0,0.0,nan,nan,nan,nan,nan,nan,nan,nan,nan,nan,nan,nan
NW_006804011.1,2000001,2500000,2220933,35,0.0,0.0,0.0,nan,nan,nan,nan,nan,nan,nan,nan,nan,nan,nan,nan
NW_006804011.1,3500001,4000000,3745511,42,0.0,0.0,0.0,nan,nan,nan,nan,nan,nan,nan,nan,nan,nan,nan,nan
NW_006804015.1,1000001,1500000,1275963,34,0.0,0.0,0.0,nan,nan,nan,nan,nan,nan,nan,nan,nan,nan,nan,nan
NW_006804015.1,3000001,3500000,3248606,38,0.0,0.0,0.0,nan,nan,nan,nan,nan,nan,nan,nan,nan,nan,nan,nan
NW_006804015.1,3500001,4000000,3739485,30,0.0,0.0,0.0,nan,nan,nan,nan,nan,nan,nan,nan,nan,nan,nan,nan
NW_006804015.1,4500001,5000000,4720428,35,0.0,0.0,0.0,nan,nan,nan,nan,nan,nan,nan,nan,nan,nan,nan,nan
NW_006804016.1,1,500000,269842,30,3.0,3.0,3.0,1.0,2.0,1.0,0.3556,0.7744,0.1984,0.3535,0.4702,0.257,0.015,1.2214,-0.3634
NW_006804016.1,2000001,2500000,2234579,33,0.0,0.0,0.0,nan,nan,nan,nan,nan,nan,nan,nan,nan,nan,nan,nan
NW_006804016.1,2500001,3000000,2785191,33,1.0,1.0,1.0,0.0,1.0,0.0,0.0,0.409,0.0,0.0,0.2351,0.0,nan,1.056,nan
NW_006804016.1,3000001,3500000,3196524,35,1.0,1.0,1.0,0.0,1.0,0.0,0.0,0.1846,0.0,0.0,0.2351,0.0,nan,-0.3066,nan
NW_006804016.1,4500001,5000000,4765392,31,0.0,0.0,0.0,nan,nan,nan,nan,nan,nan,nan,nan,nan,nan,nan,nan
NW_006804017.1,4500001,5000000,4782772,31,0.0,0.0,0.0,nan,nan,nan,nan,nan,nan,nan,nan,nan,nan,nan,nan
NW_006804018.1,4000001,4500000,4256185,30,0.0,0.0,0.0,nan,nan,nan,nan,nan,nan,nan,nan,nan,nan,nan,nan
NW_006804019.1,1000001,1500000,1258065,30,1.0,1.0,1.0,1.0,0.0,0.0,0.3556,0.0,0.0,0.3535,0.0,0.0,0.015,nan,nan
NW_006804020.1,1500001,2000000,1743121,31,0.0,0.0,0.0,nan,nan,nan,nan,nan,nan,nan,nan,nan,nan,nan,nan
NW_006804020.1,3000001,3500000,3237279,30,0.0,0.0,0.0,nan,nan,nan,nan,nan,nan,nan,nan,nan,nan,nan,nan
NW_006804021.1,1500001,2000000,1736361,37,0.0,0.0,0.0,nan,nan,nan,nan,nan,nan,nan,nan,nan,nan,nan,nan
NW_006804021.1,2000001,2500000,2282409,35,0.0,0.0,0.0,nan,nan,nan,nan,nan,nan,nan,nan,nan,nan,nan,nan
NW_006804021.1,3500001,4000000,3745949,34,0.0,0.0,0.0,nan,nan,nan,nan,nan,nan,nan,nan,nan,nan,nan,nan
NW_006804021.1,4000001,4500000,4272709,31,0.0,0.0,0.0,nan,nan,nan,nan,nan,nan,nan,nan,nan,nan,nan,nan
NW_006804023.1,1,500000,300123,31,0.0,0.0,0.0,nan,nan,nan,nan,nan,nan,nan,nan,nan,nan,nan,nan
NW_006804023.1,500001,1000000,739269,32,0.0,0.0,0.0,nan,nan,nan,nan,nan,nan,nan,nan,nan,nan,nan,nan
NW_006804023.1,1000001,1500000,1238539,46,0.0,0.0,0.0,nan,nan,nan,nan,nan,nan,nan,nan,nan,nan,nan,nan
NW_006804023.1,2500001,3000000,2767198,30,0.0,0.0,0.0,nan,nan,nan,nan,nan,nan,nan,nan,nan,nan,nan,nan
NW_006804023.1,3000001,3500000,3249639,31,0.0,0.0,0.0,nan,nan,nan,nan,nan,nan,nan,nan,nan,nan,nan,nan
NW_006804023.1,4000001,4500000,4248719,41,0.0,0.0,0.0,nan,nan,nan,nan,nan,nan,nan,nan,nan,nan,nan,nan
NW_006804024.1,500001,1000000,756996,35,0.0,0.0,0.0,nan,nan,nan,nan,nan,nan,nan,nan,nan,nan,nan,nan
NW_006804024.1,3000001,3500000,3248344,31,0.0,0.0,0.0,nan,nan,nan,nan,nan,nan,nan,nan,nan,nan,nan,nan
NW_006804027.1,3500001,4000000,3742589,34,1.0,1.0,1.0,0.0,1.0,1.0,0.0,0.3282,0.1984,0.0,0.2351,0.257,nan,0.5654,-0.3634
NW_006804027.1,4000001,4500000,4273560,35,1.0,1.0,1.0,1.0,0.0,0.0,0.2,0.0,0.0,0.3535,0.0,0.0,-1.1117,nan,nan
NW_006804028.1,1000001,1500000,1247839,30,0.0,0.0,0.0,nan,nan,nan,nan,nan,nan,nan,nan,nan,nan,nan,nan
NW_006804028.1,4000001,4500000,4236049,32,0.0,0.0,0.0,nan,nan,nan,nan,nan,nan,nan,nan,nan,nan,nan,nan
NW_006804029.1,1,500000,266856,30,0.0,0.0,0.0,nan,nan,nan,nan,nan,nan,nan,nan,nan,nan,nan,nan
NW_006804029.1,500001,1000000,736372,34,0.0,0.0,0.0,nan,nan,nan,nan,nan,nan,nan,nan,nan,nan,nan,nan
NW_006804029.1,1000001,1500000,1254449,33,1.0,1.0,1.0,0.0,1.0,0.0,0.0,0.1846,0.0,0.0,0.2351,0.0,nan,-0.3066,nan
NW_006804030.1,500001,1000000,720647,32,0.0,0.0,0.0,nan,nan,nan,nan,nan,nan,nan,nan,nan,nan,nan,nan
NW_006804031.1,2000001,2500000,2261956,31,0.0,0.0,0.0,nan,nan,nan,nan,nan,nan,nan,nan,nan,nan,nan,nan
NW_006804032.1,1500001,2000000,1758670,34,0.0,0.0,0.0,nan,nan,nan,nan,nan,nan,nan,nan,nan,nan,nan,nan
NW_006804032.1,4000001,4500000,4263930,46,0.0,0.0,0.0,nan,nan,nan,nan,nan,nan,nan,nan,nan,nan,nan,nan
NW_006804033.1,500001,1000000,739415,42,1.0,1.0,1.0,1.0,0.0,1.0,0.3556,0.0,0.0714,0.3535,0.0,0.257,0.015,nan,-1.1514
NW_006804033.1,1000001,1500000,1212682,32,0.0,0.0,0.0,nan,nan,nan,nan,nan,nan,nan,nan,nan,nan,nan,nan
NW_006804033.1,2000001,2500000,2317517,30,0.0,0.0,0.0,nan,nan,nan,nan,nan,nan,nan,nan,nan,nan,nan,nan
NW_006804033.1,3500001,4000000,3767825,34,0.0,0.0,0.0,nan,nan,nan,nan,nan,nan,nan,nan,nan,nan,nan,nan
NW_006804034.1,500001,1000000,770707,31,0.0,0.0,0.0,nan,nan,nan,nan,nan,nan,nan,nan,nan,nan,nan,nan
NW_006804035.1,3500001,4000000,3789580,30,0.0,0.0,0.0,nan,nan,nan,nan,nan,nan,nan,nan,nan,nan,nan,nan
NW_006804036.1,3500001,4000000,3738922,31,0.0,0.0,0.0,nan,nan,nan,nan,nan,nan,nan,nan,nan,nan,nan,nan
NW_006804039.1,1,500000,208134,31,0.0,0.0,0.0,nan,nan,nan,nan,nan,nan,nan,nan,nan,nan,nan,nan
NW_006804040.1,2000001,2500000,2264433,33,0.0,0.0,0.0,nan,nan,nan,nan,nan,nan,nan,nan,nan,nan,nan,nan
NW_006804040.1,3500001,4000000,3791967,35,0.0,0.0,0.0,nan,nan,nan,nan,nan,nan,nan,nan,nan,nan,nan,nan
NW_006804040.1,4000001,4500000,4237752,31,0.0,0.0,0.0,nan,nan,nan,nan,nan,nan,nan,nan,nan,nan,nan,nan
NW_006804042.1,2500001,3000000,2731058,32,0.0,0.0,0.0,nan,nan,nan,nan,nan,nan,nan,nan,nan,nan,nan,nan
NW_006804043.1,1000001,1500000,1230399,36,0.0,0.0,0.0,nan,nan,nan,nan,nan,nan,nan,nan,nan,nan,nan,nan
NW_006804043.1,2000001,2500000,2257277,35,0.0,0.0,0.0,nan,nan,nan,nan,nan,nan,nan,nan,nan,nan,nan,nan
NW_006804044.1,1,500000,282357,32,0.0,0.0,0.0,nan,nan,nan,nan,nan,nan,nan,nan,nan,nan,nan,nan
NW_006804044.1,3000001,3500000,3253503,32,0.0,0.0,0.0,nan,nan,nan,nan,nan,nan,nan,nan,nan,nan,nan,nan
NW_006804045.1,2500001,3000000,2720871,30,0.0,0.0,0.0,nan,nan,nan,nan,nan,nan,nan,nan,nan,nan,nan,nan
NW_006804045.1,3000001,3500000,3294223,33,0.0,0.0,0.0,nan,nan,nan,nan,nan,nan,nan,nan,nan,nan,nan,nan
NW_006804046.1,1,500000,246951,30,1.0,1.0,1.0,1.0,0.0,0.0,0.3556,0.0,0.0,0.3535,0.0,0.0,0.015,nan,nan
NW_006804046.1,500001,1000000,756879,31,0.0,0.0,0.0,nan,nan,nan,nan,nan,nan,nan,nan,nan,nan,nan,nan
NW_006804046.1,1000001,1500000,1253429,34,1.0,1.0,1.0,0.0,0.0,0.0,0.0,0.0,0.0,0.0,0.0,0.0,nan,nan,nan
NW_006804046.1,2500001,3000000,2760154,33,0.0,0.0,0.0,nan,nan,nan,nan,nan,nan,nan,nan,nan,nan,nan,nan
NW_006804047.1,1,500000,191597,30,1.0,1.0,1.0,1.0,0.0,0.0,0.2,0.0,0.0,0.3535,0.0,0.0,-1.1117,nan,nan
NW_006804047.1,1000001,1500000,1236489,32,0.0,0.0,0.0,nan,nan,nan,nan,nan,nan,nan,nan,nan,nan,nan,nan
NW_006804047.1,1500001,2000000,1759154,42,1.0,1.0,1.0,0.0,1.0,0.0,0.0,0.1846,0.0,0.0,0.2351,0.0,nan,-0.3066,nan
NW_006804047.1,2000001,2500000,2236889,36,0.0,0.0,0.0,nan,nan,nan,nan,nan,nan,nan,nan,nan,nan,nan,nan
NW_006804047.1,4000001,4500000,4264209,30,0.0,0.0,0.0,nan,nan,nan,nan,nan,nan,nan,nan,nan,nan,nan,nan
NW_006804048.1,1000001,1500000,1252982,31,1.0,1.0,1.0,0.0,0.0,1.0,0.0,0.0,0.1376,0.0,0.0,0.257,nan,nan,-0.741
NW_006804048.1,3500001,4000000,3738239,32,0.0,0.0,0.0,nan,nan,nan,nan,nan,nan,nan,nan,nan,nan,nan,nan
NW_006804049.1,1,500000,265505,37,0.0,0.0,0.0,nan,nan,nan,nan,nan,nan,nan,nan,nan,nan,nan,nan
NW_006804049.1,1500001,2000000,1746943,33,0.0,0.0,0.0,nan,nan,nan,nan,nan,nan,nan,nan,nan,nan,nan,nan
NW_006804049.1,2000001,2500000,2259471,31,0.0,0.0,0.0,nan,nan,nan,nan,nan,nan,nan,nan,nan,nan,nan,nan
NW_006804049.1,4000001,4500000,4263069,30,0.0,0.0,0.0,nan,nan,nan,nan,nan,nan,nan,nan,nan,nan,nan,nan
NW_006804051.1,1,500000,278050,30,0.0,0.0,0.0,nan,nan,nan,nan,nan,nan,nan,nan,nan,nan,nan,nan
NW_006804051.1,1000001,1500000,1208361,34,0.0,0.0,0.0,nan,nan,nan,nan,nan,nan,nan,nan,nan,nan,nan,nan
NW_006804051.1,1500001,2000000,1755273,32,0.0,0.0,0.0,nan,nan,nan,nan,nan,nan,nan,nan,nan,nan,nan,nan
NW_006804052.1,1,500000,277448,39,0.0,0.0,0.0,nan,nan,nan,nan,nan,nan,nan,nan,nan,nan,nan,nan
NW_006804052.1,500001,1000000,733940,32,0.0,0.0,0.0,nan,nan,nan,nan,nan,nan,nan,nan,nan,nan,nan,nan
NW_006804052.1,2000001,2500000,2268297,30,0.0,0.0,0.0,nan,nan,nan,nan,nan,nan,nan,nan,nan,nan,nan,nan
NW_006804052.1,2500001,3000000,2779121,37,0.0,0.0,0.0,nan,nan,nan,nan,nan,nan,nan,nan,nan,nan,nan,nan
NW_006804053.1,1500001,2000000,1753955,30,0.0,0.0,0.0,nan,nan,nan,nan,nan,nan,nan,nan,nan,nan,nan,nan
NW_006804053.1,3500001,4000000,3748660,30,0.0,0.0,0.0,nan,nan,nan,nan,nan,nan,nan,nan,nan,nan,nan,nan
NW_006804054.1,2000001,2500000,2225978,30,0.0,0.0,0.0,nan,nan,nan,nan,nan,nan,nan,nan,nan,nan,nan,nan
NW_006804055.1,3000001,3500000,3286207,32,0.0,0.0,0.0,nan,nan,nan,nan,nan,nan,nan,nan,nan,nan,nan,nan
NW_006804058.1,1000001,1500000,1254831,33,0.0,0.0,0.0,nan,nan,nan,nan,nan,nan,nan,nan,nan,nan,nan,nan
NW_006804059.1,1000001,1500000,1265226,38,0.0,0.0,0.0,nan,nan,nan,nan,nan,nan,nan,nan,nan,nan,nan,nan
NW_006804059.1,2000001,2500000,2297101,36,1.0,1.0,1.0,1.0,1.0,0.0,0.3556,0.0974,0.0,0.3535,0.2351,0.0,0.015,-0.836,nan
NW_006804060.1,1,500000,236403,31,0.0,0.0,0.0,nan,nan,nan,nan,nan,nan,nan,nan,nan,nan,nan,nan
NW_006804060.1,500001,1000000,725987,36,1.0,1.0,1.0,0.0,1.0,1.0,0.0,0.0974,0.0714,0.0,0.2351,0.257,nan,-0.836,-1.1514
NW_006804060.1,1000001,1500000,1243858,33,0.0,0.0,0.0,nan,nan,nan,nan,nan,nan,nan,nan,nan,nan,nan,nan
NW_006804060.1,2500001,3000000,2737496,36,0.0,0.0,0.0,nan,nan,nan,nan,nan,nan,nan,nan,nan,nan,nan,nan
NW_006804060.1,4000001,4500000,4261865,33,0.0,0.0,0.0,nan,nan,nan,nan,nan,nan,nan,nan,nan,nan,nan,nan
NW_006804061.1,500001,1000000,760474,30,1.0,1.0,1.0,0.0,0.0,0.0,0.0,0.0,0.0,0.0,0.0,0.0,nan,nan,nan
NW_006804061.1,1000001,1500000,1244798,32,0.0,0.0,0.0,nan,nan,nan,nan,nan,nan,nan,nan,nan,nan,nan,nan
NW_006804061.1,2000001,2500000,2205273,31,0.0,0.0,0.0,nan,nan,nan,nan,nan,nan,nan,nan,nan,nan,nan,nan
NW_006804063.1,1,500000,274257,30,0.0,0.0,0.0,nan,nan,nan,nan,nan,nan,nan,nan,nan,nan,nan,nan
NW_006804064.1,500001,1000000,762295,33,0.0,0.0,0.0,nan,nan,nan,nan,nan,nan,nan,nan,nan,nan,nan,nan
NW_006804064.1,2500001,3000000,2748531,32,0.0,0.0,0.0,nan,nan,nan,nan,nan,nan,nan,nan,nan,nan,nan,nan
NW_006804064.1,3000001,3500000,3240981,34,0.0,0.0,0.0,nan,nan,nan,nan,nan,nan,nan,nan,nan,nan,nan,nan
NW_006804065.1,1,500000,239989,30,0.0,0.0,0.0,nan,nan,nan,nan,nan,nan,nan,nan,nan,nan,nan,nan
NW_006804065.1,3000001,3500000,3210550,33,0.0,0.0,0.0,nan,nan,nan,nan,nan,nan,nan,nan,nan,nan,nan,nan
NW_006804065.1,3500001,4000000,3748036,31,0.0,0.0,0.0,nan,nan,nan,nan,nan,nan,nan,nan,nan,nan,nan,nan
NW_006804066.1,1,500000,255876,43,0.0,0.0,0.0,nan,nan,nan,nan,nan,nan,nan,nan,nan,nan,nan,nan
NW_006804066.1,500001,1000000,768089,34,1.0,1.0,1.0,0.0,0.0,0.0,0.0,0.0,0.0,0.0,0.0,0.0,nan,nan,nan
NW_006804067.1,1,500000,236998,35,0.0,0.0,0.0,nan,nan,nan,nan,nan,nan,nan,nan,nan,nan,nan,nan
NW_006804069.1,1,500000,231906,35,0.0,0.0,0.0,nan,nan,nan,nan,nan,nan,nan,nan,nan,nan,nan,nan
NW_006804069.1,3500001,4000000,3775124,31,0.0,0.0,0.0,nan,nan,nan,nan,nan,nan,nan,nan,nan,nan,nan,nan
NW_006804070.1,1,500000,225932,31,0.0,0.0,0.0,nan,nan,nan,nan,nan,nan,nan,nan,nan,nan,nan,nan
NW_006804070.1,500001,1000000,771255,37,0.0,0.0,0.0,nan,nan,nan,nan,nan,nan,nan,nan,nan,nan,nan,nan
NW_006804070.1,1500001,2000000,1783600,30,1.0,1.0,1.0,0.0,1.0,0.0,0.0,0.05,0.0,0.0,0.2351,0.0,nan,-1.1241,nan
NW_006804070.1,3000001,3500000,3227220,32,0.0,0.0,0.0,nan,nan,nan,nan,nan,nan,nan,nan,nan,nan,nan,nan
NW_006804071.1,3500001,4000000,3772304,30,0.0,0.0,0.0,nan,nan,nan,nan,nan,nan,nan,nan,nan,nan,nan,nan
NW_006804072.1,1,500000,267908,31,0.0,0.0,0.0,nan,nan,nan,nan,nan,nan,nan,nan,nan,nan,nan,nan
NW_006804072.1,500001,1000000,754792,30,0.0,0.0,0.0,nan,nan,nan,nan,nan,nan,nan,nan,nan,nan,nan,nan
NW_006804073.1,1500001,2000000,1791642,32,0.0,0.0,0.0,nan,nan,nan,nan,nan,nan,nan,nan,nan,nan,nan,nan
NW_006804073.1,2500001,3000000,2748706,30,0.0,0.0,0.0,nan,nan,nan,nan,nan,nan,nan,nan,nan,nan,nan,nan
NW_006804073.1,3000001,3500000,3249577,30,0.0,0.0,0.0,nan,nan,nan,nan,nan,nan,nan,nan,nan,nan,nan,nan
NW_006804073.1,3500001,4000000,3718366,33,0.0,0.0,0.0,nan,nan,nan,nan,nan,nan,nan,nan,nan,nan,nan,nan
NW_006804074.1,1500001,2000000,1753973,35,0.0,0.0,0.0,nan,nan,nan,nan,nan,nan,nan,nan,nan,nan,nan,nan
NW_006804074.1,2500001,3000000,2769817,31,1.0,1.0,1.0,0.0,0.0,1.0,0.0,0.0,0.0714,0.0,0.0,0.257,nan,nan,-1.1514
NW_006804074.1,3000001,3500000,3251690,32,0.0,0.0,0.0,nan,nan,nan,nan,nan,nan,nan,nan,nan,nan,nan,nan
NW_006804075.1,1000001,1500000,1224121,35,0.0,0.0,0.0,nan,nan,nan,nan,nan,nan,nan,nan,nan,nan,nan,nan
NW_006804075.1,1500001,2000000,1765888,30,0.0,0.0,0.0,nan,nan,nan,nan,nan,nan,nan,nan,nan,nan,nan,nan
NW_006804076.1,1500001,2000000,1742220,33,0.0,0.0,0.0,nan,nan,nan,nan,nan,nan,nan,nan,nan,nan,nan,nan
NW_006804077.1,500001,1000000,755233,41,0.0,0.0,0.0,nan,nan,nan,nan,nan,nan,nan,nan,nan,nan,nan,nan
NW_006804077.1,1000001,1500000,1253402,31,0.0,0.0,0.0,nan,nan,nan,nan,nan,nan,nan,nan,nan,nan,nan,nan
NW_006804078.1,500001,1000000,709335,31,0.0,0.0,0.0,nan,nan,nan,nan,nan,nan,nan,nan,nan,nan,nan,nan
NW_006804079.1,1,500000,256581,30,0.0,0.0,0.0,nan,nan,nan,nan,nan,nan,nan,nan,nan,nan,nan,nan
NW_006804079.1,500001,1000000,757737,34,0.0,0.0,0.0,nan,nan,nan,nan,nan,nan,nan,nan,nan,nan,nan,nan
NW_006804079.1,1000001,1500000,1263718,31,0.0,0.0,0.0,nan,nan,nan,nan,nan,nan,nan,nan,nan,nan,nan,nan
NW_006804079.1,2000001,2500000,2247238,41,0.0,0.0,0.0,nan,nan,nan,nan,nan,nan,nan,nan,nan,nan,nan,nan
NW_006804079.1,3000001,3500000,3216032,31,0.0,0.0,0.0,nan,nan,nan,nan,nan,nan,nan,nan,nan,nan,nan,nan
NW_006804079.1,3500001,4000000,3767504,39,0.0,0.0,0.0,nan,nan,nan,nan,nan,nan,nan,nan,nan,nan,nan,nan
NW_006804081.1,1,500000,290434,30,1.0,1.0,1.0,0.0,1.0,0.0,0.0,0.409,0.0,0.0,0.2351,0.0,nan,1.056,nan
NW_006804081.1,2500001,3000000,2706279,34,0.0,0.0,0.0,nan,nan,nan,nan,nan,nan,nan,nan,nan,nan,nan,nan
NW_006804081.1,3000001,3500000,3208862,31,0.0,0.0,0.0,nan,nan,nan,nan,nan,nan,nan,nan,nan,nan,nan,nan
NW_006804082.1,1,500000,268296,35,1.0,1.0,1.0,0.0,0.0,1.0,0.0,0.0,0.0714,0.0,0.0,0.257,nan,nan,-1.1514
NW_006804082.1,2000001,2500000,2284919,38,0.0,0.0,0.0,nan,nan,nan,nan,nan,nan,nan,nan,nan,nan,nan,nan
NW_006804083.1,1,500000,281138,32,0.0,0.0,0.0,nan,nan,nan,nan,nan,nan,nan,nan,nan,nan,nan,nan
NW_006804083.1,500001,1000000,719390,33,0.0,0.0,0.0,nan,nan,nan,nan,nan,nan,nan,nan,nan,nan,nan,nan
NW_006804083.1,1000001,1500000,1225304,43,0.0,0.0,0.0,nan,nan,nan,nan,nan,nan,nan,nan,nan,nan,nan,nan
NW_006804083.1,2500001,3000000,2707062,30,0.0,0.0,0.0,nan,nan,nan,nan,nan,nan,nan,nan,nan,nan,nan,nan
NW_006804084.1,1,500000,289360,31,0.0,0.0,0.0,nan,nan,nan,nan,nan,nan,nan,nan,nan,nan,nan,nan
NW_006804084.1,500001,1000000,743215,30,0.0,0.0,0.0,nan,nan,nan,nan,nan,nan,nan,nan,nan,nan,nan,nan
NW_006804084.1,3500001,4000000,3764798,31,0.0,0.0,0.0,nan,nan,nan,nan,nan,nan,nan,nan,nan,nan,nan,nan
NW_006804086.1,1,500000,229984,30,0.0,0.0,0.0,nan,nan,nan,nan,nan,nan,nan,nan,nan,nan,nan,nan
NW_006804086.1,1000001,1500000,1243295,32,0.0,0.0,0.0,nan,nan,nan,nan,nan,nan,nan,nan,nan,nan,nan,nan
NW_006804087.1,1,500000,255801,41,1.0,1.0,1.0,1.0,0.0,1.0,0.3556,0.0,0.3042,0.3535,0.0,0.257,0.015,nan,0.2933
NW_006804088.1,1000001,1500000,1263376,34,0.0,0.0,0.0,nan,nan,nan,nan,nan,nan,nan,nan,nan,nan,nan,nan
NW_006804088.1,2500001,3000000,2766330,31,0.0,0.0,0.0,nan,nan,nan,nan,nan,nan,nan,nan,nan,nan,nan,nan
NW_006804088.1,3000001,3500000,3223376,30,0.0,0.0,0.0,nan,nan,nan,nan,nan,nan,nan,nan,nan,nan,nan,nan
NW_006804089.1,1,500000,244574,33,0.0,0.0,0.0,nan,nan,nan,nan,nan,nan,nan,nan,nan,nan,nan,nan
NW_006804090.1,1000001,1500000,1259288,38,0.0,0.0,0.0,nan,nan,nan,nan,nan,nan,nan,nan,nan,nan,nan,nan
NW_006804091.1,1,500000,202112,30,0.0,0.0,0.0,nan,nan,nan,nan,nan,nan,nan,nan,nan,nan,nan,nan
NW_006804091.1,1000001,1500000,1226560,43,0.0,0.0,0.0,nan,nan,nan,nan,nan,nan,nan,nan,nan,nan,nan,nan
NW_006804091.1,1500001,2000000,1739051,41,1.0,1.0,1.0,1.0,0.0,0.0,0.4667,0.0,0.0,0.3535,0.0,0.0,0.8198,nan,nan
NW_006804092.1,2500001,3000000,2739561,30,0.0,0.0,0.0,nan,nan,nan,nan,nan,nan,nan,nan,nan,nan,nan,nan
NW_006804093.1,3500001,4000000,3764831,35,0.0,0.0,0.0,nan,nan,nan,nan,nan,nan,nan,nan,nan,nan,nan,nan
NW_006804095.1,1,500000,278543,32,0.0,0.0,0.0,nan,nan,nan,nan,nan,nan,nan,nan,nan,nan,nan,nan
NW_006804096.1,1,500000,288726,31,0.0,0.0,0.0,nan,nan,nan,nan,nan,nan,nan,nan,nan,nan,nan,nan
NW_006804096.1,1000001,1500000,1239988,33,0.0,0.0,0.0,nan,nan,nan,nan,nan,nan,nan,nan,nan,nan,nan,nan
NW_006804096.1,2000001,2500000,2263541,32,0.0,0.0,0.0,nan,nan,nan,nan,nan,nan,nan,nan,nan,nan,nan,nan
NW_006804096.1,3500001,4000000,3745008,36,1.0,1.0,1.0,0.0,0.0,0.0,0.0,0.0,0.0,0.0,0.0,0.0,nan,nan,nan
NW_006804097.1,1500001,2000000,1749162,32,0.0,0.0,0.0,nan,nan,nan,nan,nan,nan,nan,nan,nan,nan,nan,nan
NW_006804098.1,1500001,2000000,1784334,31,0.0,0.0,0.0,nan,nan,nan,nan,nan,nan,nan,nan,nan,nan,nan,nan
NW_006804099.1,1500001,2000000,1795105,33,0.0,0.0,0.0,nan,nan,nan,nan,nan,nan,nan,nan,nan,nan,nan,nan
NW_006804099.1,2000001,2500000,2236974,42,2.0,2.0,2.0,0.0,2.0,1.0,0.0,0.1,0.0714,0.0,0.4702,0.257,nan,-1.4866,-1.1514
NW_006804100.1,1000001,1500000,1261050,33,0.0,0.0,0.0,nan,nan,nan,nan,nan,nan,nan,nan,nan,nan,nan,nan
NW_006804101.1,1000001,1500000,1252314,31,1.0,1.0,1.0,1.0,1.0,0.0,0.3556,0.5077,0.0,0.3535,0.2351,0.0,0.015,1.6555,nan
NW_006804104.1,2000001,2500000,2224971,32,0.0,0.0,0.0,nan,nan,nan,nan,nan,nan,nan,nan,nan,nan,nan,nan
NW_006804104.1,2500001,3000000,2685497,32,0.0,0.0,0.0,nan,nan,nan,nan,nan,nan,nan,nan,nan,nan,nan,nan
NW_006804104.1,3000001,3500000,3292828,33,0.0,0.0,0.0,nan,nan,nan,nan,nan,nan,nan,nan,nan,nan,nan,nan
NW_006804105.1,2500001,3000000,2762918,31,0.0,0.0,0.0,nan,nan,nan,nan,nan,nan,nan,nan,nan,nan,nan,nan
NW_006804105.1,3000001,3500000,3218358,33,0.0,0.0,0.0,nan,nan,nan,nan,nan,nan,nan,nan,nan,nan,nan,nan
NW_006804106.1,1000001,1500000,1295404,34,0.0,0.0,0.0,nan,nan,nan,nan,nan,nan,nan,nan,nan,nan,nan,nan
NW_006804106.1,2000001,2500000,2226816,41,1.0,1.0,1.0,0.0,0.0,1.0,0.0,0.0,0.254,0.0,0.0,0.257,nan,nan,-0.0186
NW_006804106.1,2500001,3000000,2714521,31,1.0,1.0,1.0,0.0,1.0,0.0,0.0,0.5115,0.0,0.0,0.2351,0.0,nan,1.6788,nan
NW_006804108.1,1500001,2000000,1785705,30,0.0,0.0,0.0,nan,nan,nan,nan,nan,nan,nan,nan,nan,nan,nan,nan
NW_006804108.1,2500001,3000000,2695070,30,0.0,0.0,0.0,nan,nan,nan,nan,nan,nan,nan,nan,nan,nan,nan,nan
NW_006804110.1,2000001,2500000,2260914,43,0.0,0.0,0.0,nan,nan,nan,nan,nan,nan,nan,nan,nan,nan,nan,nan
NW_006804111.1,1,500000,214819,30,1.0,1.0,1.0,0.0,1.0,0.0,0.0,0.5077,0.0,0.0,0.2351,0.0,nan,1.6555,nan
NW_006804111.1,1500001,2000000,1743139,37,0.0,0.0,0.0,nan,nan,nan,nan,nan,nan,nan,nan,nan,nan,nan,nan
NW_006804111.1,2000001,2500000,2246389,34,0.0,0.0,0.0,nan,nan,nan,nan,nan,nan,nan,nan,nan,nan,nan,nan
NW_006804113.1,1000001,1500000,1234691,33,1.0,1.0,1.0,0.0,1.0,0.0,0.0,0.05,0.0,0.0,0.2351,0.0,nan,-1.1241,nan
NW_006804114.1,2500001,3000000,2739903,30,0.0,0.0,0.0,nan,nan,nan,nan,nan,nan,nan,nan,nan,nan,nan,nan
NW_006804116.1,1000001,1500000,1257450,33,0.0,0.0,0.0,nan,nan,nan,nan,nan,nan,nan,nan,nan,nan,nan,nan
NW_006804116.1,2500001,3000000,2748776,37,0.0,0.0,0.0,nan,nan,nan,nan,nan,nan,nan,nan,nan,nan,nan,nan
NW_006804117.1,2000001,2500000,2237289,34,0.0,0.0,0.0,nan,nan,nan,nan,nan,nan,nan,nan,nan,nan,nan,nan
NW_006804117.1,2500001,3000000,2717406,30,0.0,0.0,0.0,nan,nan,nan,nan,nan,nan,nan,nan,nan,nan,nan,nan
NW_006804118.1,1000001,1500000,1231279,35,0.0,0.0,0.0,nan,nan,nan,nan,nan,nan,nan,nan,nan,nan,nan,nan
NW_006804118.1,2000001,2500000,2201323,34,1.0,1.0,1.0,1.0,0.0,0.0,0.2,0.0,0.0,0.3535,0.0,0.0,-1.1117,nan,nan
NW_006804119.1,1000001,1500000,1288223,30,0.0,0.0,0.0,nan,nan,nan,nan,nan,nan,nan,nan,nan,nan,nan,nan
NW_006804120.1,1,500000,243163,31,0.0,0.0,0.0,nan,nan,nan,nan,nan,nan,nan,nan,nan,nan,nan,nan
NW_006804120.1,1000001,1500000,1253144,32,0.0,0.0,0.0,nan,nan,nan,nan,nan,nan,nan,nan,nan,nan,nan,nan
NW_006804120.1,1500001,2000000,1747948,38,0.0,0.0,0.0,nan,nan,nan,nan,nan,nan,nan,nan,nan,nan,nan,nan
NW_006804122.1,1,500000,247236,35,0.0,0.0,0.0,nan,nan,nan,nan,nan,nan,nan,nan,nan,nan,nan,nan
NW_006804122.1,1500001,2000000,1736411,32,1.0,1.0,1.0,0.0,0.0,1.0,0.0,0.0,0.4947,0.0,0.0,0.257,nan,nan,1.4753
NW_006804122.1,2000001,2500000,2283100,38,0.0,0.0,0.0,nan,nan,nan,nan,nan,nan,nan,nan,nan,nan,nan,nan
NW_006804123.1,500001,1000000,784263,30,0.0,0.0,0.0,nan,nan,nan,nan,nan,nan,nan,nan,nan,nan,nan,nan
NW_006804123.1,2500001,3000000,2772821,30,0.0,0.0,0.0,nan,nan,nan,nan,nan,nan,nan,nan,nan,nan,nan,nan
NW_006804124.1,1000001,1500000,1258654,32,0.0,0.0,0.0,nan,nan,nan,nan,nan,nan,nan,nan,nan,nan,nan,nan
NW_006804124.1,3000001,3500000,3266209,37,0.0,0.0,0.0,nan,nan,nan,nan,nan,nan,nan,nan,nan,nan,nan,nan
NW_006804125.1,1000001,1500000,1285479,30,0.0,0.0,0.0,nan,nan,nan,nan,nan,nan,nan,nan,nan,nan,nan,nan
NW_006804126.1,500001,1000000,738949,37,0.0,0.0,0.0,nan,nan,nan,nan,nan,nan,nan,nan,nan,nan,nan,nan
NW_006804126.1,2000001,2500000,2263251,33,0.0,0.0,0.0,nan,nan,nan,nan,nan,nan,nan,nan,nan,nan,nan,nan
NW_006804127.1,1,500000,306183,36,0.0,0.0,0.0,nan,nan,nan,nan,nan,nan,nan,nan,nan,nan,nan,nan
NW_006804127.1,1500001,2000000,1751321,46,0.0,0.0,0.0,nan,nan,nan,nan,nan,nan,nan,nan,nan,nan,nan,nan
NW_006804127.1,2500001,3000000,2774753,32,0.0,0.0,0.0,nan,nan,nan,nan,nan,nan,nan,nan,nan,nan,nan,nan
NW_006804129.1,1,500000,205584,30,0.0,0.0,0.0,nan,nan,nan,nan,nan,nan,nan,nan,nan,nan,nan,nan
NW_006804129.1,2000001,2500000,2224932,30,1.0,1.0,1.0,0.0,0.0,1.0,0.0,0.0,0.5159,0.0,0.0,0.257,nan,nan,1.6066
NW_006804130.1,1000001,1500000,1260917,31,0.0,0.0,0.0,nan,nan,nan,nan,nan,nan,nan,nan,nan,nan,nan,nan
NW_006804130.1,2000001,2500000,2287812,31,1.0,1.0,1.0,0.0,0.0,0.0,0.0,0.0,0.0,0.0,0.0,0.0,nan,nan,nan
NW_006804132.1,1000001,1500000,1199582,33,0.0,0.0,0.0,nan,nan,nan,nan,nan,nan,nan,nan,nan,nan,nan,nan
NW_006804133.1,2000001,2500000,2267029,38,0.0,0.0,0.0,nan,nan,nan,nan,nan,nan,nan,nan,nan,nan,nan,nan
NW_006804135.1,1,500000,283471,32,0.0,0.0,0.0,nan,nan,nan,nan,nan,nan,nan,nan,nan,nan,nan,nan
NW_006804135.1,500001,1000000,724038,33,1.0,1.0,1.0,1.0,0.0,0.0,0.2,0.0,0.0,0.3535,0.0,0.0,-1.1117,nan,nan
NW_006804136.1,1500001,2000000,1774409,33,0.0,0.0,0.0,nan,nan,nan,nan,nan,nan,nan,nan,nan,nan,nan,nan
NW_006804138.1,500001,1000000,750657,31,1.0,1.0,1.0,0.0,0.0,0.0,0.0,0.0,0.0,0.0,0.0,0.0,nan,nan,nan
NW_006804139.1,1500001,2000000,1758309,34,0.0,0.0,0.0,nan,nan,nan,nan,nan,nan,nan,nan,nan,nan,nan,nan
NW_006804142.1,2500001,3000000,2806715,31,0.0,0.0,0.0,nan,nan,nan,nan,nan,nan,nan,nan,nan,nan,nan,nan
NW_006804143.1,1,500000,238236,30,0.0,0.0,0.0,nan,nan,nan,nan,nan,nan,nan,nan,nan,nan,nan,nan
NW_006804143.1,3000001,3500000,3250362,31,0.0,0.0,0.0,nan,nan,nan,nan,nan,nan,nan,nan,nan,nan,nan,nan
NW_006804144.1,1,500000,218428,34,1.0,1.0,1.0,1.0,1.0,1.0,0.5556,0.5115,0.5079,0.3535,0.2351,0.257,1.4636,1.6788,1.5574
NW_006804144.1,1000001,1500000,1269634,34,1.0,1.0,1.0,0.0,0.0,0.0,0.0,0.0,0.0,0.0,0.0,0.0,nan,nan,nan
NW_006804145.1,1000001,1500000,1256210,38,1.0,1.0,1.0,0.0,0.0,0.0,0.0,0.0,0.0,0.0,0.0,0.0,nan,nan,nan
NW_006804145.1,2500001,3000000,2745110,35,0.0,0.0,0.0,nan,nan,nan,nan,nan,nan,nan,nan,nan,nan,nan,nan
NW_006804146.1,2500001,3000000,2754932,30,0.0,0.0,0.0,nan,nan,nan,nan,nan,nan,nan,nan,nan,nan,nan,nan
NW_006804147.1,500001,1000000,736188,35,2.0,2.0,2.0,0.0,0.0,1.0,0.0,0.0,0.1376,0.0,0.0,0.257,nan,nan,-0.741
NW_006804147.1,2500001,3000000,2738720,35,0.0,0.0,0.0,nan,nan,nan,nan,nan,nan,nan,nan,nan,nan,nan,nan
NW_006804148.1,1,500000,245551,33,1.0,1.0,1.0,0.0,1.0,0.0,0.0,0.2244,0.0,0.0,0.2351,0.0,nan,-0.0652,nan
NW_006804148.1,500001,1000000,751258,30,0.0,0.0,0.0,nan,nan,nan,nan,nan,nan,nan,nan,nan,nan,nan,nan
NW_006804148.1,1500001,2000000,1747519,32,0.0,0.0,0.0,nan,nan,nan,nan,nan,nan,nan,nan,nan,nan,nan,nan
NW_006804150.1,1000001,1500000,1255338,30,0.0,0.0,0.0,nan,nan,nan,nan,nan,nan,nan,nan,nan,nan,nan,nan
NW_006804150.1,1500001,2000000,1746493,31,0.0,0.0,0.0,nan,nan,nan,nan,nan,nan,nan,nan,nan,nan,nan,nan
NW_006804150.1,2000001,2500000,2231849,32,0.0,0.0,0.0,nan,nan,nan,nan,nan,nan,nan,nan,nan,nan,nan,nan
NW_006804150.1,2500001,3000000,2792938,32,1.0,1.0,1.0,1.0,1.0,1.0,0.3556,0.5077,0.1376,0.3535,0.2351,0.257,0.015,1.6555,-0.741
NW_006804151.1,2000001,2500000,2245082,36,0.0,0.0,0.0,nan,nan,nan,nan,nan,nan,nan,nan,nan,nan,nan,nan
NW_006804152.1,500001,1000000,733659,30,0.0,0.0,0.0,nan,nan,nan,nan,nan,nan,nan,nan,nan,nan,nan,nan
NW_006804152.1,1000001,1500000,1229803,31,0.0,0.0,0.0,nan,nan,nan,nan,nan,nan,nan,nan,nan,nan,nan,nan
NW_006804153.1,1,500000,251110,30,0.0,0.0,0.0,nan,nan,nan,nan,nan,nan,nan,nan,nan,nan,nan,nan
NW_006804153.1,500001,1000000,716919,39,0.0,0.0,0.0,nan,nan,nan,nan,nan,nan,nan,nan,nan,nan,nan,nan
NW_006804153.1,1000001,1500000,1208615,35,0.0,0.0,0.0,nan,nan,nan,nan,nan,nan,nan,nan,nan,nan,nan,nan
NW_006804153.1,1500001,2000000,1751741,32,0.0,0.0,0.0,nan,nan,nan,nan,nan,nan,nan,nan,nan,nan,nan,nan
NW_006804154.1,1000001,1500000,1285835,32,0.0,0.0,0.0,nan,nan,nan,nan,nan,nan,nan,nan,nan,nan,nan,nan
NW_006804154.1,1500001,2000000,1762172,30,0.0,0.0,0.0,nan,nan,nan,nan,nan,nan,nan,nan,nan,nan,nan,nan
NW_006804155.1,500001,1000000,755248,32,0.0,0.0,0.0,nan,nan,nan,nan,nan,nan,nan,nan,nan,nan,nan,nan
NW_006804155.1,1000001,1500000,1241644,41,0.0,0.0,0.0,nan,nan,nan,nan,nan,nan,nan,nan,nan,nan,nan,nan
NW_006804155.1,2000001,2500000,2247494,30,0.0,0.0,0.0,nan,nan,nan,nan,nan,nan,nan,nan,nan,nan,nan,nan
NW_006804155.1,2500001,3000000,2742229,30,0.0,0.0,0.0,nan,nan,nan,nan,nan,nan,nan,nan,nan,nan,nan,nan
NW_006804159.1,500001,1000000,764047,39,0.0,0.0,0.0,nan,nan,nan,nan,nan,nan,nan,nan,nan,nan,nan,nan
NW_006804159.1,1500001,2000000,1712541,32,0.0,0.0,0.0,nan,nan,nan,nan,nan,nan,nan,nan,nan,nan,nan,nan
NW_006804159.1,2500001,3000000,2699810,32,0.0,0.0,0.0,nan,nan,nan,nan,nan,nan,nan,nan,nan,nan,nan,nan
NW_006804161.1,2000001,2500000,2257324,31,0.0,0.0,0.0,nan,nan,nan,nan,nan,nan,nan,nan,nan,nan,nan,nan
NW_006804161.1,2500001,3000000,2723736,35,1.0,1.0,1.0,0.0,0.0,1.0,0.0,0.0,0.0714,0.0,0.0,0.257,nan,nan,-1.1514
NW_006804162.1,500001,1000000,750495,33,1.0,1.0,1.0,1.0,0.0,1.0,0.4667,0.0,0.0714,0.3535,0.0,0.257,0.8198,nan,-1.1514
NW_006804162.1,2000001,2500000,2259755,31,0.0,0.0,0.0,nan,nan,nan,nan,nan,nan,nan,nan,nan,nan,nan,nan
NW_006804165.1,1,500000,218408,33,0.0,0.0,0.0,nan,nan,nan,nan,nan,nan,nan,nan,nan,nan,nan,nan
NW_006804166.1,1,500000,279912,31,1.0,1.0,1.0,0.0,0.0,1.0,0.0,0.0,0.0714,0.0,0.0,0.257,nan,nan,-1.1514
NW_006804169.1,1500001,2000000,1796674,35,0.0,0.0,0.0,nan,nan,nan,nan,nan,nan,nan,nan,nan,nan,nan,nan
NW_006804169.1,3000001,3500000,3263668,31,0.0,0.0,0.0,nan,nan,nan,nan,nan,nan,nan,nan,nan,nan,nan,nan
NW_006804170.1,2500001,3000000,2736991,33,0.0,0.0,0.0,nan,nan,nan,nan,nan,nan,nan,nan,nan,nan,nan,nan
NW_006804171.1,500001,1000000,755234,30,0.0,0.0,0.0,nan,nan,nan,nan,nan,nan,nan,nan,nan,nan,nan,nan
NW_006804171.1,1500001,2000000,1707201,31,0.0,0.0,0.0,nan,nan,nan,nan,nan,nan,nan,nan,nan,nan,nan,nan
NW_006804173.1,1,500000,262010,39,0.0,0.0,0.0,nan,nan,nan,nan,nan,nan,nan,nan,nan,nan,nan,nan
NW_006804173.1,2500001,3000000,2764562,31,0.0,0.0,0.0,nan,nan,nan,nan,nan,nan,nan,nan,nan,nan,nan,nan
NW_006804175.1,1,500000,269003,30,1.0,1.0,1.0,0.0,0.0,1.0,0.0,0.0,0.1376,0.0,0.0,0.257,nan,nan,-0.741
NW_006804175.1,1000001,1500000,1271561,31,0.0,0.0,0.0,nan,nan,nan,nan,nan,nan,nan,nan,nan,nan,nan,nan
NW_006804175.1,1500001,2000000,1759201,31,0.0,0.0,0.0,nan,nan,nan,nan,nan,nan,nan,nan,nan,nan,nan,nan
NW_006804175.1,2000001,2500000,2268990,46,0.0,0.0,0.0,nan,nan,nan,nan,nan,nan,nan,nan,nan,nan,nan,nan
NW_006804176.1,1000001,1500000,1267085,37,0.0,0.0,0.0,nan,nan,nan,nan,nan,nan,nan,nan,nan,nan,nan,nan
NW_006804176.1,2500001,3000000,2706182,35,0.0,0.0,0.0,nan,nan,nan,nan,nan,nan,nan,nan,nan,nan,nan,nan
NW_006804177.1,1000001,1500000,1272411,33,0.0,0.0,0.0,nan,nan,nan,nan,nan,nan,nan,nan,nan,nan,nan,nan
NW_006804181.1,2500001,3000000,2752038,35,0.0,0.0,0.0,nan,nan,nan,nan,nan,nan,nan,nan,nan,nan,nan,nan
NW_006804184.1,500001,1000000,763265,31,0.0,0.0,0.0,nan,nan,nan,nan,nan,nan,nan,nan,nan,nan,nan,nan
NW_006804185.1,2000001,2500000,2252728,30,0.0,0.0,0.0,nan,nan,nan,nan,nan,nan,nan,nan,nan,nan,nan,nan
NW_006804186.1,1,500000,240952,33,0.0,0.0,0.0,nan,nan,nan,nan,nan,nan,nan,nan,nan,nan,nan,nan
NW_006804186.1,500001,1000000,747693,33,0.0,0.0,0.0,nan,nan,nan,nan,nan,nan,nan,nan,nan,nan,nan,nan
NW_006804186.1,1000001,1500000,1291580,30,1.0,1.0,1.0,0.0,1.0,1.0,0.0,0.05,0.0714,0.0,0.2351,0.257,nan,-1.1241,-1.1514
NW_006804187.1,500001,1000000,755351,32,0.0,0.0,0.0,nan,nan,nan,nan,nan,nan,nan,nan,nan,nan,nan,nan
NW_006804188.1,1000001,1500000,1226468,34,0.0,0.0,0.0,nan,nan,nan,nan,nan,nan,nan,nan,nan,nan,nan,nan
NW_006804189.1,1500001,2000000,1783678,32,0.0,0.0,0.0,nan,nan,nan,nan,nan,nan,nan,nan,nan,nan,nan,nan
NW_006804190.1,1000001,1500000,1278576,31,0.0,0.0,0.0,nan,nan,nan,nan,nan,nan,nan,nan,nan,nan,nan,nan
NW_006804190.1,2000001,2500000,2225194,37,0.0,0.0,0.0,nan,nan,nan,nan,nan,nan,nan,nan,nan,nan,nan,nan
NW_006804192.1,1000001,1500000,1272941,31,0.0,0.0,0.0,nan,nan,nan,nan,nan,nan,nan,nan,nan,nan,nan,nan
NW_006804193.1,1,500000,229345,30,1.0,1.0,1.0,1.0,0.0,1.0,0.3556,0.0,0.4762,0.3535,0.0,0.257,0.015,nan,1.3604
NW_006804193.1,2000001,2500000,2240333,35,0.0,0.0,0.0,nan,nan,nan,nan,nan,nan,nan,nan,nan,nan,nan,nan
NW_006804194.1,1,500000,286876,31,0.0,0.0,0.0,nan,nan,nan,nan,nan,nan,nan,nan,nan,nan,nan,nan
NW_006804195.1,500001,1000000,750463,30,1.0,1.0,1.0,0.0,1.0,0.0,0.0,0.05,0.0,0.0,0.2351,0.0,nan,-1.1241,nan
NW_006804195.1,1000001,1500000,1258779,39,0.0,0.0,0.0,nan,nan,nan,nan,nan,nan,nan,nan,nan,nan,nan,nan
NW_006804196.1,1000001,1500000,1245227,34,0.0,0.0,0.0,nan,nan,nan,nan,nan,nan,nan,nan,nan,nan,nan,nan
NW_006804196.1,2000001,2500000,2198489,38,0.0,0.0,0.0,nan,nan,nan,nan,nan,nan,nan,nan,nan,nan,nan,nan
NW_006804197.1,500001,1000000,797504,36,0.0,0.0,0.0,nan,nan,nan,nan,nan,nan,nan,nan,nan,nan,nan,nan
NW_006804197.1,1000001,1500000,1230412,34,0.0,0.0,0.0,nan,nan,nan,nan,nan,nan,nan,nan,nan,nan,nan,nan
NW_006804197.1,1500001,2000000,1771703,41,0.0,0.0,0.0,nan,nan,nan,nan,nan,nan,nan,nan,nan,nan,nan,nan
NW_006804197.1,2000001,2500000,2252540,32,0.0,0.0,0.0,nan,nan,nan,nan,nan,nan,nan,nan,nan,nan,nan,nan
NW_006804198.1,1000001,1500000,1246367,31,2.0,2.0,2.0,2.0,0.0,0.0,0.6667,0.0,0.0,0.707,0.0,0.0,-0.1839,nan,nan
NW_006804199.1,500001,1000000,736039,34,0.0,0.0,0.0,nan,nan,nan,nan,nan,nan,nan,nan,nan,nan,nan,nan
NW_006804199.1,1500001,2000000,1754270,34,1.0,1.0,1.0,0.0,0.0,1.0,0.0,0.0,0.1376,0.0,0.0,0.257,nan,nan,-0.741
NW_006804199.1,2000001,2500000,2233370,40,0.0,0.0,0.0,nan,nan,nan,nan,nan,nan,nan,nan,nan,nan,nan,nan
NW_006804200.1,1,500000,211438,30,0.0,0.0,0.0,nan,nan,nan,nan,nan,nan,nan,nan,nan,nan,nan,nan
NW_006804202.1,500001,1000000,739168,33,0.0,0.0,0.0,nan,nan,nan,nan,nan,nan,nan,nan,nan,nan,nan,nan
NW_006804202.1,1500001,2000000,1721945,38,1.0,1.0,1.0,1.0,0.0,0.0,0.5333,0.0,0.0,0.3535,0.0,0.0,1.3027,nan,nan
NW_006804204.1,1,500000,223880,33,0.0,0.0,0.0,nan,nan,nan,nan,nan,nan,nan,nan,nan,nan,nan,nan
NW_006804204.1,1000001,1500000,1270598,33,0.0,0.0,0.0,nan,nan,nan,nan,nan,nan,nan,nan,nan,nan,nan,nan
NW_006804206.1,1500001,2000000,1737031,34,0.0,0.0,0.0,nan,nan,nan,nan,nan,nan,nan,nan,nan,nan,nan,nan
NW_006804206.1,2000001,2500000,2269039,34,0.0,0.0,0.0,nan,nan,nan,nan,nan,nan,nan,nan,nan,nan,nan,nan
NW_006804208.1,500001,1000000,758270,31,0.0,0.0,0.0,nan,nan,nan,nan,nan,nan,nan,nan,nan,nan,nan,nan
NW_006804208.1,1500001,2000000,1736870,34,0.0,0.0,0.0,nan,nan,nan,nan,nan,nan,nan,nan,nan,nan,nan,nan
NW_006804212.1,1000001,1500000,1232335,31,0.0,0.0,0.0,nan,nan,nan,nan,nan,nan,nan,nan,nan,nan,nan,nan
NW_006804216.1,1,500000,192830,34,0.0,0.0,0.0,nan,nan,nan,nan,nan,nan,nan,nan,nan,nan,nan,nan
NW_006804216.1,1500001,2000000,1764015,30,1.0,1.0,1.0,0.0,0.0,0.0,0.0,0.0,0.0,0.0,0.0,0.0,nan,nan,nan
NW_006804216.1,2000001,2500000,2262779,31,0.0,0.0,0.0,nan,nan,nan,nan,nan,nan,nan,nan,nan,nan,nan,nan
NW_006804217.1,500001,1000000,731701,30,0.0,0.0,0.0,nan,nan,nan,nan,nan,nan,nan,nan,nan,nan,nan,nan
NW_006804217.1,1500001,2000000,1787728,37,0.0,0.0,0.0,nan,nan,nan,nan,nan,nan,nan,nan,nan,nan,nan,nan
NW_006804218.1,500001,1000000,760852,33,0.0,0.0,0.0,nan,nan,nan,nan,nan,nan,nan,nan,nan,nan,nan,nan
NW_006804221.1,1000001,1500000,1281076,35,2.0,2.0,2.0,2.0,0.0,1.0,0.7333,0.0,0.0714,0.707,0.0,0.257,0.1203,nan,-1.1514
NW_006804221.1,2000001,2500000,2240447,32,0.0,0.0,0.0,nan,nan,nan,nan,nan,nan,nan,nan,nan,nan,nan,nan
NW_006804222.1,1500001,2000000,1775181,33,0.0,0.0,0.0,nan,nan,nan,nan,nan,nan,nan,nan,nan,nan,nan,nan
NW_006804223.1,500001,1000000,773488,37,0.0,0.0,0.0,nan,nan,nan,nan,nan,nan,nan,nan,nan,nan,nan,nan
NW_006804224.1,1,500000,223489,37,0.0,0.0,0.0,nan,nan,nan,nan,nan,nan,nan,nan,nan,nan,nan,nan
NW_006804224.1,2000001,2500000,2265128,34,1.0,1.0,1.0,0.0,0.0,1.0,0.0,0.0,0.1376,0.0,0.0,0.257,nan,nan,-0.741
NW_006804225.1,1,500000,213115,32,0.0,0.0,0.0,nan,nan,nan,nan,nan,nan,nan,nan,nan,nan,nan,nan
NW_006804226.1,500001,1000000,750660,32,0.0,0.0,0.0,nan,nan,nan,nan,nan,nan,nan,nan,nan,nan,nan,nan
NW_006804227.1,1,500000,278329,30,0.0,0.0,0.0,nan,nan,nan,nan,nan,nan,nan,nan,nan,nan,nan,nan
NW_006804228.1,1,500000,214578,30,1.0,1.0,1.0,0.0,0.0,1.0,0.0,0.0,0.1984,0.0,0.0,0.257,nan,nan,-0.3634
NW_006804228.1,2000001,2500000,2280887,33,0.0,0.0,0.0,nan,nan,nan,nan,nan,nan,nan,nan,nan,nan,nan,nan
NW_006804234.1,2000001,2500000,2314531,30,1.0,1.0,1.0,0.0,1.0,1.0,0.0,0.05,0.4762,0.0,0.2351,0.257,nan,-1.1241,1.3604
NW_006804235.1,1500001,2000000,1758282,30,0.0,0.0,0.0,nan,nan,nan,nan,nan,nan,nan,nan,nan,nan,nan,nan
NW_006804235.1,2000001,2500000,2241479,30,0.0,0.0,0.0,nan,nan,nan,nan,nan,nan,nan,nan,nan,nan,nan,nan
NW_006804237.1,1000001,1500000,1214193,32,1.0,1.0,1.0,1.0,0.0,0.0,0.2,0.0,0.0,0.3535,0.0,0.0,-1.1117,nan,nan
NW_006804237.1,1500001,2000000,1744971,31,0.0,0.0,0.0,nan,nan,nan,nan,nan,nan,nan,nan,nan,nan,nan,nan
NW_006804240.1,1000001,1500000,1247026,34,0.0,0.0,0.0,nan,nan,nan,nan,nan,nan,nan,nan,nan,nan,nan,nan
NW_006804240.1,1500001,2000000,1785249,30,0.0,0.0,0.0,nan,nan,nan,nan,nan,nan,nan,nan,nan,nan,nan,nan
NW_006804240.1,2000001,2500000,2244329,31,1.0,1.0,1.0,1.0,0.0,0.0,0.4667,0.0,0.0,0.3535,0.0,0.0,0.8198,nan,nan
NW_006804241.1,500001,1000000,740374,32,0.0,0.0,0.0,nan,nan,nan,nan,nan,nan,nan,nan,nan,nan,nan,nan
NW_006804242.1,500001,1000000,765059,31,1.0,1.0,1.0,0.0,0.0,0.0,0.0,0.0,0.0,0.0,0.0,0.0,nan,nan,nan
NW_006804243.1,500001,1000000,772329,33,0.0,0.0,0.0,nan,nan,nan,nan,nan,nan,nan,nan,nan,nan,nan,nan
NW_006804244.1,1,500000,266444,30,0.0,0.0,0.0,nan,nan,nan,nan,nan,nan,nan,nan,nan,nan,nan,nan
NW_006804247.1,1500001,2000000,1732617,33,0.0,0.0,0.0,nan,nan,nan,nan,nan,nan,nan,nan,nan,nan,nan,nan
NW_006804248.1,1,500000,267287,37,0.0,0.0,0.0,nan,nan,nan,nan,nan,nan,nan,nan,nan,nan,nan,nan
NW_006804248.1,2000001,2500000,2227930,32,0.0,0.0,0.0,nan,nan,nan,nan,nan,nan,nan,nan,nan,nan,nan,nan
NW_006804249.1,500001,1000000,749823,33,0.0,0.0,0.0,nan,nan,nan,nan,nan,nan,nan,nan,nan,nan,nan,nan
NW_006804249.1,1500001,2000000,1760545,36,0.0,0.0,0.0,nan,nan,nan,nan,nan,nan,nan,nan,nan,nan,nan,nan
NW_006804250.1,1,500000,277623,35,0.0,0.0,0.0,nan,nan,nan,nan,nan,nan,nan,nan,nan,nan,nan,nan
NW_006804250.1,1500001,2000000,1747975,30,0.0,0.0,0.0,nan,nan,nan,nan,nan,nan,nan,nan,nan,nan,nan,nan
NW_006804251.1,1000001,1500000,1256642,30,0.0,0.0,0.0,nan,nan,nan,nan,nan,nan,nan,nan,nan,nan,nan,nan
NW_006804251.1,2000001,2500000,2270449,34,0.0,0.0,0.0,nan,nan,nan,nan,nan,nan,nan,nan,nan,nan,nan,nan
NW_006804252.1,500001,1000000,722533,30,0.0,0.0,0.0,nan,nan,nan,nan,nan,nan,nan,nan,nan,nan,nan,nan
NW_006804252.1,1000001,1500000,1221612,37,0.0,0.0,0.0,nan,nan,nan,nan,nan,nan,nan,nan,nan,nan,nan,nan
NW_006804253.1,1500001,2000000,1744321,32,0.0,0.0,0.0,nan,nan,nan,nan,nan,nan,nan,nan,nan,nan,nan,nan
NW_006804255.1,1000001,1500000,1270266,31,0.0,0.0,0.0,nan,nan,nan,nan,nan,nan,nan,nan,nan,nan,nan,nan
NW_006804256.1,1000001,1500000,1268639,30,0.0,0.0,0.0,nan,nan,nan,nan,nan,nan,nan,nan,nan,nan,nan,nan
NW_006804257.1,1,500000,261035,30,2.0,2.0,2.0,0.0,1.0,1.0,0.0,0.3282,0.3889,0.0,0.2351,0.257,nan,0.5654,0.8186
NW_006804257.1,1500001,2000000,1745316,35,0.0,0.0,0.0,nan,nan,nan,nan,nan,nan,nan,nan,nan,nan,nan,nan
NW_006804258.1,500001,1000000,720019,31,1.0,1.0,1.0,1.0,0.0,0.0,0.2,0.0,0.0,0.3535,0.0,0.0,-1.1117,nan,nan
NW_006804260.1,1500001,2000000,1742824,30,1.0,1.0,1.0,0.0,1.0,0.0,0.0,0.05,0.0,0.0,0.2351,0.0,nan,-1.1241,nan
NW_006804261.1,1,500000,241823,34,0.0,0.0,0.0,nan,nan,nan,nan,nan,nan,nan,nan,nan,nan,nan,nan
NW_006804261.1,500001,1000000,730309,32,0.0,0.0,0.0,nan,nan,nan,nan,nan,nan,nan,nan,nan,nan,nan,nan
NW_006804263.1,1500001,2000000,1725355,30,0.0,0.0,0.0,nan,nan,nan,nan,nan,nan,nan,nan,nan,nan,nan,nan
NW_006804267.1,2000001,2500000,2247146,31,0.0,0.0,0.0,nan,nan,nan,nan,nan,nan,nan,nan,nan,nan,nan,nan
NW_006804270.1,2000001,2500000,2197111,32,0.0,0.0,0.0,nan,nan,nan,nan,nan,nan,nan,nan,nan,nan,nan,nan
NW_006804273.1,500001,1000000,750254,34,1.0,1.0,1.0,0.0,0.0,1.0,0.0,0.0,0.5079,0.0,0.0,0.257,nan,nan,1.5574
NW_006804274.1,2000001,2500000,2289023,31,0.0,0.0,0.0,nan,nan,nan,nan,nan,nan,nan,nan,nan,nan,nan,nan
NW_006804278.1,1,500000,260509,32,0.0,0.0,0.0,nan,nan,nan,nan,nan,nan,nan,nan,nan,nan,nan,nan
NW_006804278.1,500001,1000000,742843,37,0.0,0.0,0.0,nan,nan,nan,nan,nan,nan,nan,nan,nan,nan,nan,nan
NW_006804278.1,1000001,1500000,1263635,36,0.0,0.0,0.0,nan,nan,nan,nan,nan,nan,nan,nan,nan,nan,nan,nan
NW_006804279.1,500001,1000000,756879,34,0.0,0.0,0.0,nan,nan,nan,nan,nan,nan,nan,nan,nan,nan,nan,nan
NW_006804279.1,1500001,2000000,1744548,31,0.0,0.0,0.0,nan,nan,nan,nan,nan,nan,nan,nan,nan,nan,nan,nan
NW_006804282.1,1000001,1500000,1266878,32,0.0,0.0,0.0,nan,nan,nan,nan,nan,nan,nan,nan,nan,nan,nan,nan
NW_006804284.1,1000001,1500000,1281128,31,1.0,1.0,1.0,1.0,0.0,0.0,0.3556,0.0,0.0,0.3535,0.0,0.0,0.015,nan,nan
NW_006804284.1,1500001,2000000,1730665,31,0.0,0.0,0.0,nan,nan,nan,nan,nan,nan,nan,nan,nan,nan,nan,nan
NW_006804285.1,500001,1000000,791677,33,0.0,0.0,0.0,nan,nan,nan,nan,nan,nan,nan,nan,nan,nan,nan,nan
NW_006804287.1,2000001,2500000,2280769,34,0.0,0.0,0.0,nan,nan,nan,nan,nan,nan,nan,nan,nan,nan,nan,nan
NW_006804288.1,500001,1000000,752102,30,0.0,0.0,0.0,nan,nan,nan,nan,nan,nan,nan,nan,nan,nan,nan,nan
NW_006804288.1,2000001,2500000,2243355,39,0.0,0.0,0.0,nan,nan,nan,nan,nan,nan,nan,nan,nan,nan,nan,nan
NW_006804294.1,500001,1000000,746177,30,0.0,0.0,0.0,nan,nan,nan,nan,nan,nan,nan,nan,nan,nan,nan,nan
NW_006804295.1,1000001,1500000,1208941,34,0.0,0.0,0.0,nan,nan,nan,nan,nan,nan,nan,nan,nan,nan,nan,nan
NW_006804296.1,1,500000,278704,38,1.0,1.0,1.0,1.0,1.0,1.0,0.5556,0.5077,0.5185,0.3535,0.2351,0.257,1.4636,1.6555,1.623
NW_006804297.1,1,500000,225349,32,0.0,0.0,0.0,nan,nan,nan,nan,nan,nan,nan,nan,nan,nan,nan,nan
NW_006804297.1,1000001,1500000,1256257,30,0.0,0.0,0.0,nan,nan,nan,nan,nan,nan,nan,nan,nan,nan,nan,nan
NW_006804298.1,500001,1000000,728140,31,0.0,0.0,0.0,nan,nan,nan,nan,nan,nan,nan,nan,nan,nan,nan,nan
NW_006804300.1,1500001,2000000,1742194,32,0.0,0.0,0.0,nan,nan,nan,nan,nan,nan,nan,nan,nan,nan,nan,nan
NW_006804302.1,1,500000,289300,32,0.0,0.0,0.0,nan,nan,nan,nan,nan,nan,nan,nan,nan,nan,nan,nan
NW_006804302.1,500001,1000000,748838,31,1.0,1.0,1.0,0.0,0.0,1.0,0.0,0.0,0.1376,0.0,0.0,0.257,nan,nan,-0.741
NW_006804302.1,1500001,2000000,1699460,32,1.0,1.0,1.0,0.0,0.0,1.0,0.0,0.0,0.4947,0.0,0.0,0.257,nan,nan,1.4753
NW_006804304.1,500001,1000000,761409,32,0.0,0.0,0.0,nan,nan,nan,nan,nan,nan,nan,nan,nan,nan,nan,nan
NW_006804304.1,1000001,1500000,1226558,38,0.0,0.0,0.0,nan,nan,nan,nan,nan,nan,nan,nan,nan,nan,nan,nan
NW_006804305.1,500001,1000000,737330,31,1.0,1.0,1.0,1.0,0.0,0.0,0.2,0.0,0.0,0.3535,0.0,0.0,-1.1117,nan,nan
NW_006804305.1,1000001,1500000,1256101,36,1.0,1.0,1.0,0.0,0.0,1.0,0.0,0.0,0.0714,0.0,0.0,0.257,nan,nan,-1.1514
NW_006804305.1,1500001,2000000,1771227,38,0.0,0.0,0.0,nan,nan,nan,nan,nan,nan,nan,nan,nan,nan,nan,nan
NW_006804309.1,1,500000,285873,36,0.0,0.0,0.0,nan,nan,nan,nan,nan,nan,nan,nan,nan,nan,nan,nan
NW_006804309.1,500001,1000000,748172,33,0.0,0.0,0.0,nan,nan,nan,nan,nan,nan,nan,nan,nan,nan,nan,nan
NW_006804309.1,1500001,2000000,1744419,36,0.0,0.0,0.0,nan,nan,nan,nan,nan,nan,nan,nan,nan,nan,nan,nan
NW_006804311.1,500001,1000000,727378,31,0.0,0.0,0.0,nan,nan,nan,nan,nan,nan,nan,nan,nan,nan,nan,nan
NW_006804312.1,500001,1000000,731449,31,0.0,0.0,0.0,nan,nan,nan,nan,nan,nan,nan,nan,nan,nan,nan,nan
NW_006804312.1,1500001,2000000,1817424,30,0.0,0.0,0.0,nan,nan,nan,nan,nan,nan,nan,nan,nan,nan,nan,nan
NW_006804314.1,1500001,2000000,1738478,32,0.0,0.0,0.0,nan,nan,nan,nan,nan,nan,nan,nan,nan,nan,nan,nan
NW_006804315.1,1000001,1500000,1258922,32,0.0,0.0,0.0,nan,nan,nan,nan,nan,nan,nan,nan,nan,nan,nan,nan
NW_006804317.1,1,500000,208208,32,0.0,0.0,0.0,nan,nan,nan,nan,nan,nan,nan,nan,nan,nan,nan,nan
NW_006804318.1,1500001,2000000,1774816,32,0.0,0.0,0.0,nan,nan,nan,nan,nan,nan,nan,nan,nan,nan,nan,nan
NW_006804321.1,1,500000,220866,37,0.0,0.0,0.0,nan,nan,nan,nan,nan,nan,nan,nan,nan,nan,nan,nan
NW_006804324.1,1,500000,254888,33,0.0,0.0,0.0,nan,nan,nan,nan,nan,nan,nan,nan,nan,nan,nan,nan
NW_006804324.1,500001,1000000,719300,40,0.0,0.0,0.0,nan,nan,nan,nan,nan,nan,nan,nan,nan,nan,nan,nan
NW_006804324.1,1000001,1500000,1240115,32,1.0,1.0,1.0,1.0,1.0,0.0,0.4667,0.05,0.0,0.3535,0.2351,0.0,0.8198,-1.1241,nan
NW_006804327.1,1,500000,297350,30,0.0,0.0,0.0,nan,nan,nan,nan,nan,nan,nan,nan,nan,nan,nan,nan
NW_006804327.1,1500001,2000000,1797006,30,0.0,0.0,0.0,nan,nan,nan,nan,nan,nan,nan,nan,nan,nan,nan,nan
NW_006804330.1,1,500000,262324,33,0.0,0.0,0.0,nan,nan,nan,nan,nan,nan,nan,nan,nan,nan,nan,nan
NW_006804332.1,1,500000,203702,35,1.0,1.0,1.0,0.0,0.0,1.0,0.0,0.0,0.5159,0.0,0.0,0.257,nan,nan,1.6066
NW_006804332.1,500001,1000000,775799,33,0.0,0.0,0.0,nan,nan,nan,nan,nan,nan,nan,nan,nan,nan,nan,nan
NW_006804332.1,1000001,1500000,1244234,33,0.0,0.0,0.0,nan,nan,nan,nan,nan,nan,nan,nan,nan,nan,nan,nan
NW_006804335.1,1,500000,249070,39,1.0,1.0,1.0,1.0,1.0,1.0,0.5556,0.4667,0.5159,0.3535,0.2351,0.257,1.4636,1.4063,1.6066
NW_006804335.1,500001,1000000,769067,30,0.0,0.0,0.0,nan,nan,nan,nan,nan,nan,nan,nan,nan,nan,nan,nan
NW_006804335.1,1000001,1500000,1268230,34,1.0,1.0,1.0,0.0,0.0,1.0,0.0,0.0,0.1376,0.0,0.0,0.257,nan,nan,-0.741
NW_006804335.1,1500001,2000000,1736910,32,0.0,0.0,0.0,nan,nan,nan,nan,nan,nan,nan,nan,nan,nan,nan,nan
NW_006804336.1,1000001,1500000,1271880,33,0.0,0.0,0.0,nan,nan,nan,nan,nan,nan,nan,nan,nan,nan,nan,nan
NW_006804336.1,1500001,2000000,1722729,31,0.0,0.0,0.0,nan,nan,nan,nan,nan,nan,nan,nan,nan,nan,nan,nan
NW_006804338.1,1000001,1500000,1255556,31,0.0,0.0,0.0,nan,nan,nan,nan,nan,nan,nan,nan,nan,nan,nan,nan
NW_006804340.1,1000001,1500000,1241055,31,2.0,2.0,2.0,1.0,1.0,2.0,0.2,0.05,0.209,0.3535,0.2351,0.5139,-1.1117,-1.1241,-1.2414
NW_006804341.1,1500001,2000000,1782821,40,0.0,0.0,0.0,nan,nan,nan,nan,nan,nan,nan,nan,nan,nan,nan,nan
NW_006804342.1,1500001,2000000,1764974,36,0.0,0.0,0.0,nan,nan,nan,nan,nan,nan,nan,nan,nan,nan,nan,nan
NW_006804344.1,1000001,1500000,1297979,30,0.0,0.0,0.0,nan,nan,nan,nan,nan,nan,nan,nan,nan,nan,nan,nan
NW_006804345.1,1,500000,273596,32,0.0,0.0,0.0,nan,nan,nan,nan,nan,nan,nan,nan,nan,nan,nan,nan
NW_006804348.1,1,500000,233234,33,0.0,0.0,0.0,nan,nan,nan,nan,nan,nan,nan,nan,nan,nan,nan,nan
NW_006804349.1,500001,1000000,738470,32,0.0,0.0,0.0,nan,nan,nan,nan,nan,nan,nan,nan,nan,nan,nan,nan
NW_006804349.1,1000001,1500000,1294266,30,0.0,0.0,0.0,nan,nan,nan,nan,nan,nan,nan,nan,nan,nan,nan,nan
NW_006804351.1,500001,1000000,786284,32,0.0,0.0,0.0,nan,nan,nan,nan,nan,nan,nan,nan,nan,nan,nan,nan
NW_006804351.1,1500001,2000000,1709706,34,4.0,4.0,4.0,1.0,3.0,2.0,0.5556,1.3705,0.9947,0.3535,0.7053,0.5139,1.4636,2.0559,1.9571
NW_006804352.1,1,500000,264820,31,0.0,0.0,0.0,nan,nan,nan,nan,nan,nan,nan,nan,nan,nan,nan,nan
NW_006804352.1,500001,1000000,730745,34,0.0,0.0,0.0,nan,nan,nan,nan,nan,nan,nan,nan,nan,nan,nan,nan
NW_006804353.1,500001,1000000,774240,39,0.0,0.0,0.0,nan,nan,nan,nan,nan,nan,nan,nan,nan,nan,nan,nan
NW_006804360.1,1,500000,238400,30,1.0,1.0,1.0,0.0,1.0,0.0,0.0,0.5115,0.0,0.0,0.2351,0.0,nan,1.6788,nan
NW_006804360.1,500001,1000000,781578,42,1.0,1.0,1.0,1.0,0.0,0.0,0.2,0.0,0.0,0.3535,0.0,0.0,-1.1117,nan,nan
NW_006804360.1,1000001,1500000,1215235,32,1.0,1.0,1.0,1.0,0.0,0.0,0.3556,0.0,0.0,0.3535,0.0,0.0,0.015,nan,nan
NW_006804363.1,1500001,2000000,1734443,32,0.0,0.0,0.0,nan,nan,nan,nan,nan,nan,nan,nan,nan,nan,nan,nan
NW_006804364.1,1500001,2000000,1770960,35,0.0,0.0,0.0,nan,nan,nan,nan,nan,nan,nan,nan,nan,nan,nan,nan
NW_006804366.1,500001,1000000,754785,31,0.0,0.0,0.0,nan,nan,nan,nan,nan,nan,nan,nan,nan,nan,nan,nan
NW_006804367.1,500001,1000000,744308,33,0.0,0.0,0.0,nan,nan,nan,nan,nan,nan,nan,nan,nan,nan,nan,nan
NW_006804367.1,1000001,1500000,1273603,36,0.0,0.0,0.0,nan,nan,nan,nan,nan,nan,nan,nan,nan,nan,nan,nan
NW_006804370.1,1000001,1500000,1231343,31,0.0,0.0,0.0,nan,nan,nan,nan,nan,nan,nan,nan,nan,nan,nan,nan
NW_006804371.1,1000001,1500000,1188220,33,1.0,1.0,1.0,0.0,0.0,1.0,0.0,0.0,0.254,0.0,0.0,0.257,nan,nan,-0.0186
NW_006804372.1,1,500000,287973,39,1.0,1.0,1.0,0.0,0.0,0.0,0.0,0.0,0.0,0.0,0.0,0.0,nan,nan,nan
NW_006804372.1,500001,1000000,738865,31,0.0,0.0,0.0,nan,nan,nan,nan,nan,nan,nan,nan,nan,nan,nan,nan
NW_006804373.1,500001,1000000,767187,31,0.0,0.0,0.0,nan,nan,nan,nan,nan,nan,nan,nan,nan,nan,nan,nan
NW_006804373.1,1000001,1500000,1277482,31,0.0,0.0,0.0,nan,nan,nan,nan,nan,nan,nan,nan,nan,nan,nan,nan
NW_006804377.1,500001,1000000,802524,31,0.0,0.0,0.0,nan,nan,nan,nan,nan,nan,nan,nan,nan,nan,nan,nan
NW_006804378.1,1000001,1500000,1224355,30,0.0,0.0,0.0,nan,nan,nan,nan,nan,nan,nan,nan,nan,nan,nan,nan
NW_006804378.1,1500001,2000000,1741342,32,0.0,0.0,0.0,nan,nan,nan,nan,nan,nan,nan,nan,nan,nan,nan,nan
NW_006804379.1,1,500000,217058,37,1.0,1.0,1.0,1.0,0.0,1.0,0.4667,0.0,0.0714,0.3535,0.0,0.257,0.8198,nan,-1.1514
NW_006804379.1,500001,1000000,764069,36,0.0,0.0,0.0,nan,nan,nan,nan,nan,nan,nan,nan,nan,nan,nan,nan
NW_006804379.1,1500001,2000000,1676472,30,0.0,0.0,0.0,nan,nan,nan,nan,nan,nan,nan,nan,nan,nan,nan,nan
NW_006804381.1,500001,1000000,735175,31,0.0,0.0,0.0,nan,nan,nan,nan,nan,nan,nan,nan,nan,nan,nan,nan
NW_006804381.1,1000001,1500000,1239446,32,0.0,0.0,0.0,nan,nan,nan,nan,nan,nan,nan,nan,nan,nan,nan,nan
NW_006804383.1,1000001,1500000,1246988,31,0.0,0.0,0.0,nan,nan,nan,nan,nan,nan,nan,nan,nan,nan,nan,nan
NW_006804386.1,500001,1000000,683645,31,0.0,0.0,0.0,nan,nan,nan,nan,nan,nan,nan,nan,nan,nan,nan,nan
NW_006804389.1,1,500000,235272,34,0.0,0.0,0.0,nan,nan,nan,nan,nan,nan,nan,nan,nan,nan,nan,nan
NW_006804391.1,1000001,1500000,1282686,34,0.0,0.0,0.0,nan,nan,nan,nan,nan,nan,nan,nan,nan,nan,nan,nan
NW_006804399.1,1000001,1500000,1247108,32,0.0,0.0,0.0,nan,nan,nan,nan,nan,nan,nan,nan,nan,nan,nan,nan
NW_006804403.1,500001,1000000,745464,39,0.0,0.0,0.0,nan,nan,nan,nan,nan,nan,nan,nan,nan,nan,nan,nan
NW_006804405.1,1,500000,293967,31,0.0,0.0,0.0,nan,nan,nan,nan,nan,nan,nan,nan,nan,nan,nan,nan
NW_006804405.1,1000001,1500000,1250350,30,1.0,1.0,1.0,0.0,0.0,1.0,0.0,0.0,0.4947,0.0,0.0,0.257,nan,nan,1.4753
NW_006804408.1,500001,1000000,793028,34,0.0,0.0,0.0,nan,nan,nan,nan,nan,nan,nan,nan,nan,nan,nan,nan
NW_006804409.1,1,500000,285427,30,0.0,0.0,0.0,nan,nan,nan,nan,nan,nan,nan,nan,nan,nan,nan,nan
NW_006804410.1,500001,1000000,757240,31,0.0,0.0,0.0,nan,nan,nan,nan,nan,nan,nan,nan,nan,nan,nan,nan
NW_006804410.1,1000001,1500000,1252839,35,0.0,0.0,0.0,nan,nan,nan,nan,nan,nan,nan,nan,nan,nan,nan,nan
NW_006804414.1,1000001,1500000,1276036,32,0.0,0.0,0.0,nan,nan,nan,nan,nan,nan,nan,nan,nan,nan,nan,nan
NW_006804415.1,500001,1000000,766438,32,0.0,0.0,0.0,nan,nan,nan,nan,nan,nan,nan,nan,nan,nan,nan,nan
NW_006804416.1,1000001,1500000,1224975,30,0.0,0.0,0.0,nan,nan,nan,nan,nan,nan,nan,nan,nan,nan,nan,nan
NW_006804417.1,500001,1000000,733264,30,0.0,0.0,0.0,nan,nan,nan,nan,nan,nan,nan,nan,nan,nan,nan,nan
NW_006804419.1,1,500000,252413,32,0.0,0.0,0.0,nan,nan,nan,nan,nan,nan,nan,nan,nan,nan,nan,nan
NW_006804419.1,1000001,1500000,1274533,30,0.0,0.0,0.0,nan,nan,nan,nan,nan,nan,nan,nan,nan,nan,nan,nan
NW_006804421.1,1,500000,241692,38,0.0,0.0,0.0,nan,nan,nan,nan,nan,nan,nan,nan,nan,nan,nan,nan
NW_006804425.1,1000001,1500000,1274684,39,0.0,0.0,0.0,nan,nan,nan,nan,nan,nan,nan,nan,nan,nan,nan,nan
NW_006804426.1,500001,1000000,728861,32,0.0,0.0,0.0,nan,nan,nan,nan,nan,nan,nan,nan,nan,nan,nan,nan
NW_006804431.1,500001,1000000,749766,31,0.0,0.0,0.0,nan,nan,nan,nan,nan,nan,nan,nan,nan,nan,nan,nan
NW_006804433.1,1000001,1500000,1259904,38,0.0,0.0,0.0,nan,nan,nan,nan,nan,nan,nan,nan,nan,nan,nan,nan
NW_006804435.1,1000001,1500000,1284584,30,0.0,0.0,0.0,nan,nan,nan,nan,nan,nan,nan,nan,nan,nan,nan,nan
NW_006804436.1,500001,1000000,776152,33,0.0,0.0,0.0,nan,nan,nan,nan,nan,nan,nan,nan,nan,nan,nan,nan
NW_006804444.1,500001,1000000,744708,33,0.0,0.0,0.0,nan,nan,nan,nan,nan,nan,nan,nan,nan,nan,nan,nan
NW_006804446.1,1000001,1500000,1244689,31,0.0,0.0,0.0,nan,nan,nan,nan,nan,nan,nan,nan,nan,nan,nan,nan
NW_006804448.1,500001,1000000,738613,30,0.0,0.0,0.0,nan,nan,nan,nan,nan,nan,nan,nan,nan,nan,nan,nan
NW_006804448.1,1000001,1500000,1234176,36,0.0,0.0,0.0,nan,nan,nan,nan,nan,nan,nan,nan,nan,nan,nan,nan
NW_006804451.1,500001,1000000,724770,30,0.0,0.0,0.0,nan,nan,nan,nan,nan,nan,nan,nan,nan,nan,nan,nan
NW_006804455.1,1000001,1500000,1221085,31,0.0,0.0,0.0,nan,nan,nan,nan,nan,nan,nan,nan,nan,nan,nan,nan
NW_006804461.1,1,500000,278196,32,0.0,0.0,0.0,nan,nan,nan,nan,nan,nan,nan,nan,nan,nan,nan,nan
NW_006804466.1,1,500000,272601,30,0.0,0.0,0.0,nan,nan,nan,nan,nan,nan,nan,nan,nan,nan,nan,nan
NW_006804473.1,1,500000,263912,36,1.0,1.0,1.0,1.0,0.0,0.0,0.3556,0.0,0.0,0.3535,0.0,0.0,0.015,nan,nan
NW_006804473.1,1000001,1500000,1225112,32,0.0,0.0,0.0,nan,nan,nan,nan,nan,nan,nan,nan,nan,nan,nan,nan
NW_006804475.1,1,500000,281097,35,0.0,0.0,0.0,nan,nan,nan,nan,nan,nan,nan,nan,nan,nan,nan,nan
NW_006804475.1,1000001,1500000,1256534,42,1.0,1.0,1.0,0.0,0.0,1.0,0.0,0.0,0.1376,0.0,0.0,0.257,nan,nan,-0.741
NW_006804482.1,500001,1000000,758096,30,0.0,0.0,0.0,nan,nan,nan,nan,nan,nan,nan,nan,nan,nan,nan,nan
NW_006804485.1,500001,1000000,800565,32,0.0,0.0,0.0,nan,nan,nan,nan,nan,nan,nan,nan,nan,nan,nan,nan
NW_006804486.1,500001,1000000,759921,30,1.0,1.0,1.0,0.0,1.0,1.0,0.0,0.3846,0.0714,0.0,0.2351,0.257,nan,0.908,-1.1514
NW_006804492.1,500001,1000000,756574,37,1.0,1.0,1.0,0.0,0.0,1.0,0.0,0.0,0.0714,0.0,0.0,0.257,nan,nan,-1.1514
NW_006804497.1,1,500000,207087,32,0.0,0.0,0.0,nan,nan,nan,nan,nan,nan,nan,nan,nan,nan,nan,nan
NW_006804497.1,1000001,1500000,1179867,32,0.0,0.0,0.0,nan,nan,nan,nan,nan,nan,nan,nan,nan,nan,nan,nan
NW_006804498.1,1000001,1500000,1288722,40,0.0,0.0,0.0,nan,nan,nan,nan,nan,nan,nan,nan,nan,nan,nan,nan
NW_006804499.1,500001,1000000,736181,34,0.0,0.0,0.0,nan,nan,nan,nan,nan,nan,nan,nan,nan,nan,nan,nan
NW_006804500.1,1,500000,212584,32,0.0,0.0,0.0,nan,nan,nan,nan,nan,nan,nan,nan,nan,nan,nan,nan
NW_006804502.1,500001,1000000,747227,30,0.0,0.0,0.0,nan,nan,nan,nan,nan,nan,nan,nan,nan,nan,nan,nan
NW_006804506.1,1,500000,247251,32,0.0,0.0,0.0,nan,nan,nan,nan,nan,nan,nan,nan,nan,nan,nan,nan
NW_006804506.1,500001,1000000,760695,30,0.0,0.0,0.0,nan,nan,nan,nan,nan,nan,nan,nan,nan,nan,nan,nan
NW_006804513.1,1000001,1500000,1259263,34,1.0,1.0,1.0,0.0,0.0,1.0,0.0,0.0,0.0714,0.0,0.0,0.257,nan,nan,-1.1514
NW_006804518.1,1,500000,229647,34,0.0,0.0,0.0,nan,nan,nan,nan,nan,nan,nan,nan,nan,nan,nan,nan
NW_006804519.1,1,500000,238537,31,0.0,0.0,0.0,nan,nan,nan,nan,nan,nan,nan,nan,nan,nan,nan,nan
NW_006804519.1,500001,1000000,778686,34,0.0,0.0,0.0,nan,nan,nan,nan,nan,nan,nan,nan,nan,nan,nan,nan
NW_006804521.1,1,500000,257607,30,0.0,0.0,0.0,nan,nan,nan,nan,nan,nan,nan,nan,nan,nan,nan,nan
NW_006804527.1,1,500000,280439,33,0.0,0.0,0.0,nan,nan,nan,nan,nan,nan,nan,nan,nan,nan,nan,nan
NW_006804527.1,500001,1000000,743783,33,0.0,0.0,0.0,nan,nan,nan,nan,nan,nan,nan,nan,nan,nan,nan,nan
NW_006804531.1,1,500000,202979,32,0.0,0.0,0.0,nan,nan,nan,nan,nan,nan,nan,nan,nan,nan,nan,nan
NW_006804533.1,1000001,1500000,1168449,30,0.0,0.0,0.0,nan,nan,nan,nan,nan,nan,nan,nan,nan,nan,nan,nan
NW_006804537.1,1,500000,230557,38,0.0,0.0,0.0,nan,nan,nan,nan,nan,nan,nan,nan,nan,nan,nan,nan
NW_006804538.1,500001,1000000,757357,31,1.0,1.0,1.0,0.0,0.0,1.0,0.0,0.0,0.0714,0.0,0.0,0.257,nan,nan,-1.1514
NW_006804545.1,500001,1000000,731058,35,0.0,0.0,0.0,nan,nan,nan,nan,nan,nan,nan,nan,nan,nan,nan,nan
NW_006804547.1,500001,1000000,770236,35,0.0,0.0,0.0,nan,nan,nan,nan,nan,nan,nan,nan,nan,nan,nan,nan
NW_006804549.1,1,500000,215091,31,0.0,0.0,0.0,nan,nan,nan,nan,nan,nan,nan,nan,nan,nan,nan,nan
NW_006804550.1,1,500000,212508,35,0.0,0.0,0.0,nan,nan,nan,nan,nan,nan,nan,nan,nan,nan,nan,nan
NW_006804550.1,500001,1000000,695236,30,0.0,0.0,0.0,nan,nan,nan,nan,nan,nan,nan,nan,nan,nan,nan,nan
NW_006804551.1,500001,1000000,766033,41,2.0,2.0,2.0,1.0,1.0,1.0,0.3556,0.1846,0.1376,0.3535,0.2351,0.257,0.015,-0.3066,-0.741
NW_006804555.1,1,500000,255493,30,0.0,0.0,0.0,nan,nan,nan,nan,nan,nan,nan,nan,nan,nan,nan,nan
NW_006804560.1,1,500000,262359,39,0.0,0.0,0.0,nan,nan,nan,nan,nan,nan,nan,nan,nan,nan,nan,nan
NW_006804560.1,500001,1000000,751310,37,0.0,0.0,0.0,nan,nan,nan,nan,nan,nan,nan,nan,nan,nan,nan,nan
NW_006804561.1,1,500000,256351,31,0.0,0.0,0.0,nan,nan,nan,nan,nan,nan,nan,nan,nan,nan,nan,nan
NW_006804561.1,500001,1000000,768324,35,0.0,0.0,0.0,nan,nan,nan,nan,nan,nan,nan,nan,nan,nan,nan,nan
NW_006804571.1,500001,1000000,732865,38,0.0,0.0,0.0,nan,nan,nan,nan,nan,nan,nan,nan,nan,nan,nan,nan
NW_006804574.1,500001,1000000,766384,30,0.0,0.0,0.0,nan,nan,nan,nan,nan,nan,nan,nan,nan,nan,nan,nan
NW_006804577.1,1,500000,284331,30,0.0,0.0,0.0,nan,nan,nan,nan,nan,nan,nan,nan,nan,nan,nan,nan
NW_006804581.1,1,500000,218101,30,0.0,0.0,0.0,nan,nan,nan,nan,nan,nan,nan,nan,nan,nan,nan,nan
NW_006804582.1,500001,1000000,759944,34,0.0,0.0,0.0,nan,nan,nan,nan,nan,nan,nan,nan,nan,nan,nan,nan
NW_006804586.1,1,500000,257214,30,0.0,0.0,0.0,nan,nan,nan,nan,nan,nan,nan,nan,nan,nan,nan,nan
NW_006804586.1,500001,1000000,691750,32,0.0,0.0,0.0,nan,nan,nan,nan,nan,nan,nan,nan,nan,nan,nan,nan
NW_006804591.1,1,500000,274335,35,0.0,0.0,0.0,nan,nan,nan,nan,nan,nan,nan,nan,nan,nan,nan,nan
NW_006804592.1,1,500000,219094,41,4.0,4.0,4.0,2.0,3.0,2.0,0.9111,0.7872,0.3915,0.707,0.7053,0.5139,0.9316,0.2531,-0.4983
NW_006804592.1,500001,1000000,720389,31,0.0,0.0,0.0,nan,nan,nan,nan,nan,nan,nan,nan,nan,nan,nan,nan
NW_006804601.1,500001,1000000,738230,32,0.0,0.0,0.0,nan,nan,nan,nan,nan,nan,nan,nan,nan,nan,nan,nan
NW_006804603.1,500001,1000000,766734,40,0.0,0.0,0.0,nan,nan,nan,nan,nan,nan,nan,nan,nan,nan,nan,nan
NW_006804608.1,500001,1000000,752641,42,0.0,0.0,0.0,nan,nan,nan,nan,nan,nan,nan,nan,nan,nan,nan,nan
NW_006804610.1,500001,1000000,763606,38,0.0,0.0,0.0,nan,nan,nan,nan,nan,nan,nan,nan,nan,nan,nan,nan
NW_006804613.1,500001,1000000,737403,32,0.0,0.0,0.0,nan,nan,nan,nan,nan,nan,nan,nan,nan,nan,nan,nan
NW_006804617.1,1,500000,262424,32,1.0,1.0,1.0,0.0,0.0,1.0,0.0,0.0,0.4233,0.0,0.0,0.257,nan,nan,1.032
NW_006804618.1,500001,1000000,754947,36,0.0,0.0,0.0,nan,nan,nan,nan,nan,nan,nan,nan,nan,nan,nan,nan
NW_006804619.1,1,500000,243556,31,0.0,0.0,0.0,nan,nan,nan,nan,nan,nan,nan,nan,nan,nan,nan,nan
NW_006804623.1,500001,1000000,774162,34,0.0,0.0,0.0,nan,nan,nan,nan,nan,nan,nan,nan,nan,nan,nan,nan
NW_006804630.1,1,500000,261246,31,0.0,0.0,0.0,nan,nan,nan,nan,nan,nan,nan,nan,nan,nan,nan,nan
NW_006804631.1,500001,1000000,774717,32,0.0,0.0,0.0,nan,nan,nan,nan,nan,nan,nan,nan,nan,nan,nan,nan
NW_006804633.1,500001,1000000,747762,42,0.0,0.0,0.0,nan,nan,nan,nan,nan,nan,nan,nan,nan,nan,nan,nan
NW_006804638.1,500001,1000000,772654,36,0.0,0.0,0.0,nan,nan,nan,nan,nan,nan,nan,nan,nan,nan,nan,nan
NW_006804642.1,500001,1000000,750137,34,0.0,0.0,0.0,nan,nan,nan,nan,nan,nan,nan,nan,nan,nan,nan,nan
NW_006804650.1,1,500000,253106,31,1.0,1.0,1.0,1.0,0.0,0.0,0.2,0.0,0.0,0.3535,0.0,0.0,-1.1117,nan,nan
NW_006804650.1,500001,1000000,727059,35,1.0,1.0,1.0,0.0,0.0,1.0,0.0,0.0,0.4233,0.0,0.0,0.257,nan,nan,1.032
NW_006804660.1,500001,1000000,721340,40,0.0,0.0,0.0,nan,nan,nan,nan,nan,nan,nan,nan,nan,nan,nan,nan
NW_006804661.1,1,500000,256728,32,0.0,0.0,0.0,nan,nan,nan,nan,nan,nan,nan,nan,nan,nan,nan,nan
NW_006804669.1,1,500000,254628,36,0.0,0.0,0.0,nan,nan,nan,nan,nan,nan,nan,nan,nan,nan,nan,nan
NW_006804670.1,1,500000,262379,32,0.0,0.0,0.0,nan,nan,nan,nan,nan,nan,nan,nan,nan,nan,nan,nan
NW_006804670.1,500001,1000000,714580,31,0.0,0.0,0.0,nan,nan,nan,nan,nan,nan,nan,nan,nan,nan,nan,nan
NW_006804671.1,1,500000,273622,31,0.0,0.0,0.0,nan,nan,nan,nan,nan,nan,nan,nan,nan,nan,nan,nan
NW_006804675.1,500001,1000000,749923,30,0.0,0.0,0.0,nan,nan,nan,nan,nan,nan,nan,nan,nan,nan,nan,nan
NW_006804687.1,1,500000,241835,30,0.0,0.0,0.0,nan,nan,nan,nan,nan,nan,nan,nan,nan,nan,nan,nan
NW_006804690.1,1,500000,282067,38,0.0,0.0,0.0,nan,nan,nan,nan,nan,nan,nan,nan,nan,nan,nan,nan
NW_006804690.1,500001,1000000,726394,32,0.0,0.0,0.0,nan,nan,nan,nan,nan,nan,nan,nan,nan,nan,nan,nan
NW_006804691.1,1,500000,205691,32,0.0,0.0,0.0,nan,nan,nan,nan,nan,nan,nan,nan,nan,nan,nan,nan
NW_006804696.1,500001,1000000,756833,32,0.0,0.0,0.0,nan,nan,nan,nan,nan,nan,nan,nan,nan,nan,nan,nan
NW_006804706.1,1,500000,261111,31,0.0,0.0,0.0,nan,nan,nan,nan,nan,nan,nan,nan,nan,nan,nan,nan
NW_006804706.1,500001,1000000,729461,30,0.0,0.0,0.0,nan,nan,nan,nan,nan,nan,nan,nan,nan,nan,nan,nan
NW_006804707.1,1,500000,228085,45,2.0,2.0,2.0,0.0,1.0,2.0,0.0,0.5115,0.2698,0.0,0.2351,0.5139,nan,1.6788,-0.9937
NW_006804709.1,500001,1000000,720685,35,0.0,0.0,0.0,nan,nan,nan,nan,nan,nan,nan,nan,nan,nan,nan,nan
NW_006804719.1,1,500000,225954,33,0.0,0.0,0.0,nan,nan,nan,nan,nan,nan,nan,nan,nan,nan,nan,nan
NW_006804719.1,500001,1000000,742628,31,0.0,0.0,0.0,nan,nan,nan,nan,nan,nan,nan,nan,nan,nan,nan,nan
NW_006804720.1,1,500000,210577,31,0.0,0.0,0.0,nan,nan,nan,nan,nan,nan,nan,nan,nan,nan,nan,nan
NW_006804721.1,1,500000,250309,32,0.0,0.0,0.0,nan,nan,nan,nan,nan,nan,nan,nan,nan,nan,nan,nan
NW_006804729.1,1,500000,249114,36,0.0,0.0,0.0,nan,nan,nan,nan,nan,nan,nan,nan,nan,nan,nan,nan
NW_006804731.1,500001,1000000,765271,31,0.0,0.0,0.0,nan,nan,nan,nan,nan,nan,nan,nan,nan,nan,nan,nan
NW_006804733.1,1,500000,301304,33,0.0,0.0,0.0,nan,nan,nan,nan,nan,nan,nan,nan,nan,nan,nan,nan
NW_006804735.1,1,500000,237188,30,0.0,0.0,0.0,nan,nan,nan,nan,nan,nan,nan,nan,nan,nan,nan,nan
NW_006804752.1,1,500000,237837,32,0.0,0.0,0.0,nan,nan,nan,nan,nan,nan,nan,nan,nan,nan,nan,nan
NW_006804757.1,1,500000,291791,30,0.0,0.0,0.0,nan,nan,nan,nan,nan,nan,nan,nan,nan,nan,nan,nan
NW_006804761.1,1,500000,262278,35,0.0,0.0,0.0,nan,nan,nan,nan,nan,nan,nan,nan,nan,nan,nan,nan
NW_006804806.1,1,500000,244958,30,0.0,0.0,0.0,nan,nan,nan,nan,nan,nan,nan,nan,nan,nan,nan,nan
NW_006804819.1,1,500000,221888,31,0.0,0.0,0.0,nan,nan,nan,nan,nan,nan,nan,nan,nan,nan,nan,nan
NW_006804821.1,1,500000,253970,36,0.0,0.0,0.0,nan,nan,nan,nan,nan,nan,nan,nan,nan,nan,nan,nan
NW_006804823.1,1,500000,222419,37,0.0,0.0,0.0,nan,nan,nan,nan,nan,nan,nan,nan,nan,nan,nan,nan
NW_006804826.1,1,500000,251791,31,0.0,0.0,0.0,nan,nan,nan,nan,nan,nan,nan,nan,nan,nan,nan,nan
NW_006804835.1,1,500000,264953,33,0.0,0.0,0.0,nan,nan,nan,nan,nan,nan,nan,nan,nan,nan,nan,nan
NW_006804845.1,1,500000,262262,37,0.0,0.0,0.0,nan,nan,nan,nan,nan,nan,nan,nan,nan,nan,nan,nan
NW_006804858.1,1,500000,248802,31,0.0,0.0,0.0,nan,nan,nan,nan,nan,nan,nan,nan,nan,nan,nan,nan
NW_006804861.1,1,500000,254717,34,0.0,0.0,0.0,nan,nan,nan,nan,nan,nan,nan,nan,nan,nan,nan,nan
NW_006804865.1,1,500000,258549,31,0.0,0.0,0.0,nan,nan,nan,nan,nan,nan,nan,nan,nan,nan,nan,nan
NW_006804866.1,1,500000,255105,30,0.0,0.0,0.0,nan,nan,nan,nan,nan,nan,nan,nan,nan,nan,nan,nan
NW_006804878.1,1,500000,284272,32,1.0,1.0,1.0,1.0,1.0,0.0,0.2,0.1423,0.0,0.3535,0.2351,0.0,-1.1117,-0.5635,nan
NW_006804888.1,1,500000,281877,30,0.0,0.0,0.0,nan,nan,nan,nan,nan,nan,nan,nan,nan,nan,nan,nan
NW_006804893.1,1,500000,257063,33,0.0,0.0,0.0,nan,nan,nan,nan,nan,nan,nan,nan,nan,nan,nan,nan
NW_006804898.1,1,500000,269969,40,0.0,0.0,0.0,nan,nan,nan,nan,nan,nan,nan,nan,nan,nan,nan,nan
NW_006804899.1,1,500000,233751,34,0.0,0.0,0.0,nan,nan,nan,nan,nan,nan,nan,nan,nan,nan,nan,nan
NW_006804909.1,1,500000,279708,30,0.0,0.0,0.0,nan,nan,nan,nan,nan,nan,nan,nan,nan,nan,nan,nan
NW_006804910.1,1,500000,154296,30,0.0,0.0,0.0,nan,nan,nan,nan,nan,nan,nan,nan,nan,nan,nan,nan
NW_006804914.1,1,500000,256649,31,0.0,0.0,0.0,nan,nan,nan,nan,nan,nan,nan,nan,nan,nan,nan,nan
NW_006804921.1,1,500000,256598,31,0.0,0.0,0.0,nan,nan,nan,nan,nan,nan,nan,nan,nan,nan,nan,nan
NW_006804924.1,1,500000,233239,35,0.0,0.0,0.0,nan,nan,nan,nan,nan,nan,nan,nan,nan,nan,nan,nan
NW_006804936.1,1,500000,274237,35,0.0,0.0,0.0,nan,nan,nan,nan,nan,nan,nan,nan,nan,nan,nan,nan
NW_006804940.1,1,500000,267925,30,0.0,0.0,0.0,nan,nan,nan,nan,nan,nan,nan,nan,nan,nan,nan,nan
NW_006804952.1,1,500000,212592,31,0.0,0.0,0.0,nan,nan,nan,nan,nan,nan,nan,nan,nan,nan,nan,nan
NW_006804959.1,1,500000,222424,40,0.0,0.0,0.0,nan,nan,nan,nan,nan,nan,nan,nan,nan,nan,nan,nan
NW_006804970.1,1,500000,239653,32,0.0,0.0,0.0,nan,nan,nan,nan,nan,nan,nan,nan,nan,nan,nan,nan
NW_006804977.1,1,500000,217435,31,0.0,0.0,0.0,nan,nan,nan,nan,nan,nan,nan,nan,nan,nan,nan,nan
NW_006805017.1,1,500000,173622,35,0.0,0.0,0.0,nan,nan,nan,nan,nan,nan,nan,nan,nan,nan,nan,nan
NW_006805023.1,1,500000,194864,30,0.0,0.0,0.0,nan,nan,nan,nan,nan,nan,nan,nan,nan,nan,nan,nan
NW_006805042.1,1,500000,228549,36,8.0,8.0,8.0,4.0,4.0,7.0,2.0222,1.5885,2.7328,1.4139,0.9404,1.7988,1.6517,1.6453,1.5601
NW_006805109.1,1,500000,187256,33,2.0,2.0,2.0,1.0,2.0,1.0,0.5556,0.9423,0.5159,0.3535,0.4702,0.257,1.4636,1.8959,1.6066
